1,Rufus Mosley,2021-04-09T12:35:01Z,3,14
2,Rufus Mosley,2021-04-24T06:36:33Z,8,11
3,Rufus Mosley,2021-04-24T06:36:33Z,8,21
4,Rufus Mosley,2021-05-11T05:04:58Z,8,19
5,Rufus Mosley,2021-05-13T05:09:37Z,4,3
6,Rufus Mosley,2021-05-16T03:05:29Z,3,19
7,Rufus Mosley,2021-07-03T22:26:06Z,9,5
8,Rufus Mosley,2021-07-03T22:26:06Z,10,11
9,Rufus Mosley,2021-07-25T01:26:04Z,4,3
10,Rufus Mosley,2021-09-03T07:21:22Z,1,29
11,Rufus Mosley,2021-09-03T07:21:22Z,4,32
12,Rufus Mosley,2021-09-03T07:21:22Z,5,18
13,Rufus Mosley,2021-09-06T05:17:13Z,7,28
14,Rufus Mosley,2021-10-01T04:04:15Z,7,6
15,Rufus Mosley,2021-10-01T04:04:15Z,7,22
16,Rufus Mosley,2021-11-07T16:25:55Z,9,16
17,Rufus Mosley,2021-11-20T14:45:03Z,5,10
18,Rufus Mosley,2021-11-20T14:45:03Z,10,23
19,Rufus Mosley,2021-11-25T21:30:02Z,2,5
20,Rufus Mosley,2021-11-25T21:30:02Z,3,23
21,Rufus Mosley,2021-11-25T21:30:02Z,6,20
22,Rufus Mosley,2021-11-25T21:30:02Z,12,25
23,Qasim Brandt,2021-02-10T01:35:37Z,6,8
24,Qasim Brandt,2021-02-10T01:35:37Z,8,30
25,Qasim Brandt,2021-02-15T17:05:06Z,1,5
26,Qasim Brandt,2021-04-03T07:58:49Z,2,26
27,Qasim Brandt,2021-04-03T07:58:49Z,9,12
28,Qasim Brandt,2021-07-29T23:26:35Z,11,30
29,Qasim Brandt,2021-09-12T18:37:54Z,1,28
30,Qasim Brandt,2021-10-18T15:39:24Z,4,6
31,Qasim Brandt,2021-10-18T15:39:24Z,7,6
32,Qasim Brandt,2021-12-01T04:15:02Z,3,11
33,Qasim Brandt,2021-12-01T04:15:02Z,12,26
34,Qasim Brandt,2021-12-17T22:21:13Z,3,13
35,Qasim Brandt,2021-12-17T22:21:13Z,7,10
36,Qasim Brandt,2021-12-17T22:21:13Z,7,16
37,Qasim Brandt,2021-12-23T22:35:10Z,12,16
38,Silas Klein,2021-02-12T10:24:45Z,2,21
39,Silas Klein,2021-03-14T02:50:03Z,1,25
40,Silas Klein,2021-05-07T09:17:54Z,8,8
41,Silas Klein,2021-05-13T22:38:35Z,3,20
42,Silas Klein,2021-05-13T22:38:35Z,6,20
43,Silas Klein,2021-05-29T23:15:48Z,3,19
44,Silas Klein,2021-06-12T10:41:39Z,3,10
45,Silas Klein,2021-06-30T20:08Z,5,3
46,Silas Klein,2021-07-02T07:05:56Z,5,6
47,Silas Klein,2021-08-13T08:43:38Z,3,9
48,Silas Klein,2021-08-13T08:43:38Z,9,10
49,Silas Klein,2021-08-13T08:43:38Z,12,7
50,Silas Klein,2021-08-13T08:43:38Z,12,28
51,Silas Klein,2021-08-20T06:48:48Z,5,8
52,Silas Klein,2021-08-24T06:58:06Z,4,17
53,Silas Klein,2021-08-24T06:58:06Z,4,25
54,Silas Klein,2021-08-24T06:58:06Z,10,24
55,Silas Klein,2021-08-30T11:34:18Z,2,13
56,Silas Klein,2021-10-03T21:37:52Z,9,16
57,Silas Klein,2021-10-23T00:33:11Z,7,5
58,Kayne Wolf,2021-02-27T13:10:46Z,2,6
59,Kayne Wolf,2021-02-27T13:10:46Z,9,19
60,Kayne Wolf,2021-05-13T13:54:06Z,1,16
61,Kayne Wolf,2021-05-13T13:54:06Z,5,6
62,Kayne Wolf,2021-05-30T08:00:17Z,10,28
63,Kayne Wolf,2021-08-08T19:27:36Z,4,8
64,Kayne Wolf,2021-08-08T19:27:36Z,4,29
65,Kayne Wolf,2021-08-08T19:27:36Z,12,22
66,Kayne Wolf,2021-10-10T15:20:47Z,1,19
67,Kayne Wolf,2021-10-10T15:20:47Z,2,17
68,Kayne Wolf,2021-10-10T15:20:47Z,11,25
69,Haroon Walsh,2021-02-12T14:47Z,4,10
70,Haroon Walsh,2021-02-12T14:47Z,11,31
71,Haroon Walsh,2021-02-13T12:38:12Z,9,7
72,Haroon Walsh,2021-04-08T14:43:49Z,8,32
73,Haroon Walsh,2021-04-08T14:43:49Z,11,14
74,Haroon Walsh,2021-04-22T15:16:23Z,7,14
75,Haroon Walsh,2021-04-22T15:16:23Z,12,9
76,Haroon Walsh,2021-05-04T06:59:49Z,9,26
77,Haroon Walsh,2021-05-12T16:02:54Z,6,3
78,Haroon Walsh,2021-05-19T09:45:49Z,5,16
79,Haroon Walsh,2021-05-19T09:45:49Z,7,23
80,Haroon Walsh,2021-06-03T08:09:36Z,2,8
81,Haroon Walsh,2021-06-03T08:09:36Z,4,29
82,Haroon Walsh,2021-06-03T08:09:36Z,12,21
83,Haroon Walsh,2021-08-19T17:42:04Z,8,26
84,Haroon Walsh,2021-08-19T17:42:04Z,12,25
85,Haroon Walsh,2021-10-23T04:55:26Z,3,12
86,Haroon Walsh,2021-11-27T08:27:58Z,1,17
87,Haroon Walsh,2021-11-27T08:27:58Z,2,31
88,Haroon Walsh,2022-01-02T01:07:13Z,7,8
89,Haroon Walsh,2022-01-03T03:20:40Z,11,4
90,Haroon Walsh,2022-01-03T03:20:40Z,11,23
91,Haroon Walsh,2022-01-03T03:20:40Z,12,3
92,Haroon Walsh,2022-01-10T10:10:19Z,4,5
93,Haroon Walsh,2022-01-10T10:10:19Z,10,23
94,Haroon Walsh,2022-01-29T21:50:07Z,9,5
95,Haroon Walsh,2022-01-29T21:50:07Z,12,24
96,Talha Chandler,2021-02-09T03:44:25Z,7,27
97,Talha Chandler,2021-04-23T13:07:35Z,2,12
98,Talha Chandler,2021-05-20T03:14:47Z,11,8
99,Talha Chandler,2021-06-09T21:30:16Z,9,23
100,Talha Chandler,2021-08-20T19:55:31Z,3,12
101,Talha Chandler,2021-10-04T15:06:50Z,12,16
102,Talha Chandler,2021-10-08T15:16:08Z,6,2
103,Talha Chandler,2022-01-09T07:56:52Z,5,23
104,Talha Chandler,2022-01-09T07:56:52Z,6,3
105,Deborah Clayton,2021-04-15T08:26:44Z,11,13
106,Deborah Clayton,2021-04-19T08:36:02Z,11,1
107,Deborah Clayton,2021-04-19T08:36:02Z,11,12
108,Deborah Clayton,2021-04-20T15:11:44Z,11,1
109,Deborah Clayton,2021-04-21T13:02:56Z,1,10
110,Deborah Clayton,2021-04-21T13:02:56Z,5,11
111,Deborah Clayton,2021-04-21T13:02:56Z,8,29
112,Deborah Clayton,2021-05-18T07:32:23Z,5,26
113,Deborah Clayton,2021-06-02T14:40:38Z,3,17
114,Deborah Clayton,2021-06-02T14:40:38Z,10,30
115,Deborah Clayton,2021-07-18T07:43:09Z,7,4
116,Deborah Clayton,2021-07-21T10:01:15Z,1,14
117,Deborah Clayton,2021-07-21T10:01:15Z,6,25
118,Deborah Clayton,2021-08-26T02:40:31Z,10,7
119,Deborah Clayton,2021-10-08T02:09:25Z,6,5
120,Deborah Clayton,2021-10-08T10:53:54Z,8,30
121,Deborah Clayton,2021-10-22T02:41:59Z,11,16
122,Deborah Clayton,2021-10-22T02:41:59Z,11,20
123,Deborah Clayton,2021-10-26T20:20:15Z,12,18
124,Deborah Clayton,2021-11-04T09:45:35Z,7,31
125,Deborah Clayton,2021-11-08T18:39:22Z,2,29
126,Deborah Clayton,2021-11-08T18:39:22Z,11,12
127,Deborah Clayton,2021-11-20T06:00:34Z,7,10
128,Deborah Clayton,2022-01-24T15:05:07Z,12,22
129,Erik Bonilla,2021-03-05T09:02:29Z,12,13
130,Erik Bonilla,2021-03-13T09:21:05Z,4,8
131,Erik Bonilla,2021-03-13T09:21:05Z,9,18
132,Erik Bonilla,2021-05-01T22:10:40Z,12,26
133,Erik Bonilla,2021-05-11T00:42:44Z,4,1
134,Erik Bonilla,2021-05-11T00:42:44Z,4,5
135,Erik Bonilla,2021-05-27T10:04:26Z,2,27
136,Erik Bonilla,2021-05-27T10:04:26Z,6,22
137,Erik Bonilla,2021-05-31T01:29:15Z,4,16
138,Erik Bonilla,2021-05-31T01:29:15Z,6,31
139,Erik Bonilla,2021-05-31T01:29:15Z,7,16
140,Erik Bonilla,2021-06-26T15:36:27Z,9,29
141,Erik Bonilla,2021-07-02T11:28:10Z,9,24
142,Erik Bonilla,2021-07-02T11:28:10Z,12,1
143,Erik Bonilla,2021-07-13T00:58:10Z,1,18
144,Erik Bonilla,2021-08-03T17:04:51Z,5,19
145,Erik Bonilla,2021-10-16T06:50:16Z,5,9
146,Erik Bonilla,2021-10-16T06:50:16Z,9,32
147,Erik Bonilla,2021-12-18T20:12:25Z,8,24
148,Erik Bonilla,2022-01-06T23:07:44Z,5,32
149,Erik Bonilla,2022-01-06T23:07:44Z,9,17
150,Erik Bonilla,2022-01-23T17:13:55Z,1,30
151,Alexia Roth,2021-03-05T22:09:12Z,11,3
152,Alexia Roth,2021-04-07T21:14:51Z,8,19
153,Alexia Roth,2021-04-20T15:11:44Z,8,28
154,Alexia Roth,2021-04-20T15:11:44Z,10,7
155,Alexia Roth,2021-04-25T13:12:14Z,7,8
156,Alexia Roth,2021-04-25T13:12:14Z,9,21
157,Alexia Roth,2021-07-05T13:46:16Z,4,18
158,Alexia Roth,2021-07-14T20:40:34Z,3,11
159,Alexia Roth,2021-08-17T21:59:40Z,4,3
160,Alexia Roth,2021-08-17T21:59:40Z,5,16
161,Alexia Roth,2021-08-17T21:59:40Z,10,29
162,Alexia Roth,2021-08-25T09:11:33Z,2,32
163,Alexia Roth,2021-09-22T01:32:12Z,6,3
164,Alexia Roth,2021-09-26T10:25:59Z,5,12
165,Alexia Roth,2021-09-30T23:42:01Z,1,11
166,Alexia Roth,2021-09-30T23:42:01Z,12,26
167,Alexia Roth,2021-09-30T23:42:01Z,12,28
168,Alexia Roth,2021-11-18T19:02:38Z,9,32
169,Alexia Roth,2021-12-30T20:40:20Z,5,1
170,Alexia Roth,2022-01-13T12:28:25Z,6,1
171,Maariyah Mack,2021-03-05T13:24:43Z,9,6
172,Maariyah Mack,2021-04-26T19:47:55Z,11,28
173,Maariyah Mack,2021-05-30T03:38:03Z,12,23
174,Maariyah Mack,2021-06-01T03:42:42Z,1,20
175,Maariyah Mack,2021-06-03T08:09:36Z,5,17
176,Maariyah Mack,2021-06-12T01:57:10Z,5,29
177,Maariyah Mack,2021-06-12T01:57:10Z,9,1
178,Maariyah Mack,2021-06-15T21:44:14Z,7,12
179,Maariyah Mack,2021-06-15T21:44:14Z,8,29
180,Maariyah Mack,2021-07-07T09:28:41Z,11,15
181,Maariyah Mack,2021-07-08T20:26:37Z,1,7
182,Maariyah Mack,2021-07-08T20:26:37Z,12,9
183,Maariyah Mack,2021-07-12T16:13:41Z,2,14
184,Maariyah Mack,2021-07-12T16:13:41Z,4,1
185,Maariyah Mack,2021-07-26T12:24Z,4,14
186,Maariyah Mack,2021-07-26T12:24Z,5,7
187,Maariyah Mack,2021-07-27T01:30:43Z,4,20
188,Maariyah Mack,2021-07-27T01:30:43Z,5,5
189,Maariyah Mack,2021-08-08T23:49:51Z,4,29
190,Maariyah Mack,2021-08-08T23:49:51Z,8,13
191,Maariyah Mack,2021-09-26T19:10:28Z,6,17
192,Maariyah Mack,2021-09-26T19:10:28Z,12,8
193,Maariyah Mack,2021-10-10T15:20:47Z,5,3
194,Maariyah Mack,2021-10-19T04:46:07Z,3,25
195,Maariyah Mack,2021-10-19T04:46:07Z,12,26
196,Maariyah Mack,2021-11-05T03:14:33Z,7,12
197,Maariyah Mack,2021-11-05T03:14:33Z,9,15
198,Maariyah Mack,2021-11-05T11:59:02Z,3,1
199,Maariyah Mack,2021-12-05T04:24:20Z,3,24
200,Maariyah Mack,2021-12-05T04:24:20Z,4,1
201,Maariyah Mack,2021-12-05T04:24:20Z,7,32
202,Tasnim Massey,2021-04-12T01:46:24Z,4,5
203,Tasnim Massey,2021-04-23T17:29:49Z,4,8
204,Tasnim Massey,2021-06-08T19:16:50Z,2,5
205,Tasnim Massey,2021-07-05T05:01:47Z,6,14
206,Tasnim Massey,2021-08-28T11:29:39Z,5,20
207,Tasnim Massey,2021-09-13T03:22:23Z,3,20
208,Tasnim Massey,2021-09-13T03:22:23Z,11,15
209,Tasnim Massey,2021-09-26T06:03:44Z,8,8
210,Ava Mccarty,2021-02-24T06:30:25Z,10,10
211,Ava Mccarty,2021-04-04T23:18:59Z,5,3
212,Ava Mccarty,2021-04-04T23:18:59Z,8,17
213,Ava Mccarty,2021-05-10T20:20:29Z,8,29
214,Ava Mccarty,2021-05-10T20:20:29Z,10,26
215,Ava Mccarty,2021-06-08T06:10:06Z,10,13
216,Ava Mccarty,2021-07-31T01:40:02Z,5,29
217,Ava Mccarty,2021-08-08T06:20:53Z,12,14
218,Ava Mccarty,2021-08-22T06:53:27Z,4,14
219,Ava Mccarty,2021-08-22T06:53:27Z,10,6
220,Ava Mccarty,2021-08-29T09:20:51Z,5,32
221,Ava Mccarty,2021-09-12T23:00:08Z,2,24
222,Ava Mccarty,2021-09-23T21:14:36Z,6,5
223,Ava Mccarty,2021-09-23T21:14:36Z,9,22
224,Ava Mccarty,2021-09-27T12:39:26Z,12,16
225,Ava Mccarty,2021-10-26T20:20:15Z,1,13
226,Ava Mccarty,2021-10-26T20:20:15Z,2,4
227,Ava Mccarty,2021-10-26T20:20:15Z,6,11
228,Ava Mccarty,2021-12-25T13:55:20Z,9,27
229,Ava Mccarty,2022-01-18T01:44:26Z,9,10
230,Ava Mccarty,2022-01-18T01:44:26Z,12,6
231,Ava Mccarty,2022-01-20T01:49:06Z,3,25
232,Ava Mccarty,2022-01-24T10:42:53Z,9,6
233,Ava Mccarty,2022-01-27T04:16:30Z,1,11
234,Ava Mccarty,2022-01-27T04:16:30Z,6,30
235,Ava Mccarty,2022-01-27T04:16:30Z,9,15
236,Louisa Sanford,2021-02-17T12:47:30Z,1,1
237,Louisa Sanford,2021-02-17T12:47:30Z,5,24
238,Louisa Sanford,2021-02-17T12:47:30Z,11,15
239,Louisa Sanford,2021-02-17T12:47:30Z,11,24
240,Louisa Sanford,2021-03-23T00:59:52Z,2,14
241,Louisa Sanford,2021-03-23T00:59:52Z,3,25
242,Louisa Sanford,2021-04-24T19:43:16Z,1,21
243,Louisa Sanford,2021-04-24T19:43:16Z,4,6
244,Louisa Sanford,2021-05-05T13:35:30Z,4,9
245,Louisa Sanford,2021-05-05T13:35:30Z,6,2
246,Louisa Sanford,2021-05-05T13:35:30Z,7,11
247,Louisa Sanford,2021-05-16T03:05:29Z,1,9
248,Louisa Sanford,2021-05-16T03:05:29Z,5,6
249,Louisa Sanford,2021-05-16T03:05:29Z,6,19
250,Louisa Sanford,2021-05-28T03:33:24Z,1,22
251,Louisa Sanford,2021-05-28T03:33:24Z,2,11
252,Louisa Sanford,2021-07-17T05:29:42Z,4,23
253,Louisa Sanford,2021-07-17T05:29:42Z,7,21
254,Louisa Sanford,2021-07-17T05:29:42Z,8,28
255,Louisa Sanford,2021-11-12T18:48:40Z,5,2
256,Louisa Sanford,2021-11-15T08:00:03Z,8,22
257,Louisa Sanford,2021-11-17T16:49:11Z,3,16
258,Louisa Sanford,2021-12-23T05:06:12Z,3,28
259,Louisa Sanford,2022-01-17T16:59:58Z,1,26
260,Louisa Sanford,2022-01-17T16:59:58Z,9,23
261,Louisa Sanford,2022-01-17T16:59:58Z,11,8
262,Louisa Sanford,2022-01-17T16:59:58Z,12,19
263,Louisa Sanford,2022-01-26T10:47:32Z,4,16
264,Louisa Sanford,2022-01-26T10:47:32Z,7,22
265,Samson Rosario,2021-04-13T08:22:05Z,4,16
266,Samson Rosario,2021-11-08T18:39:22Z,2,3
267,Samson Rosario,2021-11-08T18:39:22Z,2,17
268,Samson Rosario,2021-11-08T18:39:22Z,9,26
269,Samson Rosario,2021-11-19T16:53:50Z,2,1
270,Samson Rosario,2021-11-19T16:53:50Z,3,14
271,Samson Rosario,2021-11-19T16:53:50Z,9,31
272,Samson Rosario,2021-12-15T09:09:50Z,4,3
273,Samson Rosario,2022-01-16T14:46:31Z,2,6
274,Samson Rosario,2022-01-16T14:46:31Z,6,10
275,Samson Rosario,2022-01-28T10:52:11Z,6,23
276,Samson Rosario,2022-01-28T10:52:11Z,8,17
277,Robbie Manning,2021-03-02T11:06:37Z,11,27
278,Robbie Manning,2021-03-17T18:14:53Z,1,14
279,Robbie Manning,2021-05-03T17:53:05Z,1,10
280,Robbie Manning,2021-05-03T17:53:05Z,10,28
281,Robbie Manning,2021-07-30T03:48:49Z,12,3
282,Robbie Manning,2021-08-07T21:36:24Z,1,7
283,Robbie Manning,2021-08-07T21:36:24Z,8,18
284,Robbie Manning,2021-09-11T20:46:42Z,1,10
285,Robbie Manning,2021-09-20T18:56:30Z,8,7
286,Robbie Manning,2021-09-20T18:56:30Z,10,22
287,Robbie Manning,2021-12-22T07:15Z,12,5
288,Robbie Manning,2022-01-03T12:05:09Z,3,4
289,Kamran Byrne,2021-02-27T21:55:15Z,2,32
290,Kamran Byrne,2021-02-27T21:55:15Z,11,19
291,Kamran Byrne,2021-03-13T04:58:51Z,5,7
292,Kamran Byrne,2021-03-13T04:58:51Z,9,18
293,Kamran Byrne,2021-03-25T05:26:46Z,1,21
294,Kamran Byrne,2021-04-16T23:46:54Z,9,18
295,Kamran Byrne,2021-05-15T22:43:14Z,3,3
296,Kamran Byrne,2021-09-24T05:59:05Z,10,1
297,Kamran Byrne,2021-11-02T05:18:41Z,3,4
298,Kamran Byrne,2021-11-08T14:17:08Z,6,13
299,Kamran Byrne,2021-11-08T14:17:08Z,11,30
300,Kamran Byrne,2021-12-03T17:26:24Z,3,28
301,Kamran Byrne,2022-01-08T14:27:54Z,1,7
302,Kamran Byrne,2022-01-08T14:27:54Z,2,27
303,Kamran Byrne,2022-01-08T14:27:54Z,8,10
304,Kamran Byrne,2022-01-08T14:27:54Z,8,27
305,Sylvia Parsons,2021-02-08T23:22:10Z,11,3
306,Sylvia Parsons,2021-03-03T00:13:21Z,10,24
307,Sylvia Parsons,2021-03-03T00:13:21Z,12,8
308,Sylvia Parsons,2021-03-27T23:00:23Z,7,25
309,Sylvia Parsons,2021-04-07T21:14:51Z,2,5
310,Sylvia Parsons,2021-04-07T21:14:51Z,9,29
311,Sylvia Parsons,2021-06-21T00:06:59Z,6,2
312,Sylvia Parsons,2021-06-21T00:06:59Z,7,30
313,Sylvia Parsons,2021-07-30T12:33:18Z,4,16
314,Sylvia Parsons,2021-09-04T05:12:34Z,3,32
315,Sylvia Parsons,2021-09-08T14:06:21Z,2,12
316,Sylvia Parsons,2021-09-08T14:06:21Z,5,18
317,Sylvia Parsons,2021-11-07T16:25:55Z,6,1
318,Sylvia Parsons,2021-11-28T10:41:25Z,2,15
319,Sylvia Parsons,2021-11-28T10:41:25Z,7,22
320,Maisy Coleman,2021-02-08T01:30:58Z,6,4
321,Maisy Coleman,2021-02-08T01:30:58Z,7,5
322,Maisy Coleman,2021-02-19T17:14:24Z,7,26
323,Maisy Coleman,2021-03-13T18:05:34Z,1,30
324,Maisy Coleman,2021-03-17T05:08:09Z,6,31
325,Maisy Coleman,2021-05-27T01:19:57Z,1,12
326,Maisy Coleman,2021-05-27T01:19:57Z,2,26
327,Maisy Coleman,2021-05-27T01:19:57Z,4,30
328,Maisy Coleman,2021-07-01T22:21:27Z,4,21
329,Maisy Coleman,2021-07-01T22:21:27Z,5,4
330,Maisy Coleman,2021-07-01T22:21:27Z,10,23
331,Maisy Coleman,2021-07-13T05:20:24Z,6,32
332,Maisy Coleman,2021-07-13T05:20:24Z,11,4
333,Maisy Coleman,2021-08-03T21:27:06Z,3,32
334,Maisy Coleman,2021-08-03T21:27:06Z,9,29
335,Maisy Coleman,2021-08-03T21:27:06Z,12,30
336,Maisy Coleman,2021-08-17T17:37:25Z,4,16
337,Maisy Coleman,2021-09-05T11:48:15Z,2,9
338,Maisy Coleman,2021-09-25T03:50:18Z,8,3
339,Maisy Coleman,2021-09-29T08:21:50Z,12,6
340,Maisy Coleman,2021-10-17T13:25:57Z,9,13
341,Maisy Coleman,2021-12-07T00:06:45Z,6,24
342,Maisy Coleman,2021-12-07T00:06:45Z,6,30
343,Maisy Coleman,2022-01-24T06:20:38Z,8,15
344,Asa Davenport,2021-02-01T20:54:46Z,1,1
345,Asa Davenport,2021-03-30T20:56:14Z,4,18
346,Asa Davenport,2021-04-24T19:43:16Z,4,21
347,Asa Davenport,2021-04-29T04:37:03Z,12,31
348,Asa Davenport,2021-05-21T22:57:12Z,6,30
349,Asa Davenport,2021-05-21T22:57:12Z,8,14
350,Asa Davenport,2021-06-07T08:18:54Z,1,13
351,Asa Davenport,2021-06-07T08:18:54Z,9,7
352,Asa Davenport,2021-06-15T12:59:45Z,2,6
353,Asa Davenport,2021-08-23T04:44:39Z,5,28
354,Asa Davenport,2021-08-23T04:44:39Z,9,17
355,Asa Davenport,2021-09-12T18:37:54Z,4,26
356,Asa Davenport,2021-09-29T17:06:19Z,11,30
357,Asa Davenport,2021-10-07T13:02:41Z,8,18
358,Asa Davenport,2021-10-08T10:53:54Z,1,24
359,Asa Davenport,2021-10-08T10:53:54Z,7,26
360,Asa Davenport,2021-10-19T22:15:05Z,4,11
361,Asa Davenport,2021-11-06T18:34:43Z,1,25
362,Asa Davenport,2021-11-06T18:34:43Z,1,30
363,Asa Davenport,2021-11-06T18:34:43Z,2,24
364,Asa Davenport,2021-12-25T18:17:35Z,3,31
365,Asa Davenport,2021-12-31T14:09:18Z,1,5
366,Asa Davenport,2021-12-31T14:09:18Z,11,11
367,Asa Davenport,2022-01-10T14:32:33Z,6,8
368,Asa Davenport,2022-01-10T14:32:33Z,7,21
369,Asa Davenport,2022-01-25T04:11:51Z,10,6
370,Gavin Salinas,2021-02-08T18:59:56Z,12,25
371,Gavin Salinas,2021-02-16T14:56:18Z,4,28
372,Gavin Salinas,2021-02-16T14:56:18Z,10,32
373,Gavin Salinas,2021-02-16T14:56:18Z,11,21
374,Gavin Salinas,2021-04-22T06:31:54Z,7,12
375,Gavin Salinas,2021-04-22T06:31:54Z,11,14
376,Gavin Salinas,2021-07-12T16:13:41Z,12,5
377,Gavin Salinas,2021-07-30T16:55:33Z,12,9
378,Gavin Salinas,2021-10-30T03:00:35Z,3,19
379,Gavin Salinas,2021-10-30T03:00:35Z,4,27
380,Gavin Salinas,2021-10-30T03:00:35Z,5,16
381,Gavin Salinas,2021-10-30T03:00:35Z,8,7
382,Gavin Salinas,2021-10-30T03:00:35Z,11,4
383,Gavin Salinas,2021-11-22T23:34:11Z,9,12
384,Gavin Salinas,2021-11-26T10:36:45Z,10,30
385,Gavin Salinas,2021-11-26T10:36:45Z,12,5
386,Gavin Salinas,2021-12-04T06:33:08Z,3,31
387,Gavin Salinas,2021-12-04T06:33:08Z,8,6
388,Gavin Salinas,2021-12-07T00:06:45Z,3,12
389,Gavin Salinas,2021-12-07T00:06:45Z,11,1
390,Gavin Salinas,2021-12-07T00:06:45Z,12,32
391,Malakai Buckley,2021-02-18T15:00:57Z,6,22
392,Malakai Buckley,2021-02-18T15:00:57Z,8,18
393,Malakai Buckley,2021-04-10T23:32:57Z,3,11
394,Malakai Buckley,2021-04-10T23:32:57Z,7,25
395,Malakai Buckley,2021-04-10T23:32:57Z,11,12
396,Malakai Buckley,2021-04-19T04:13:48Z,11,28
397,Malakai Buckley,2021-04-27T17:39:08Z,7,15
398,Malakai Buckley,2021-05-01T22:10:40Z,9,26
399,Malakai Buckley,2021-05-03T09:08:36Z,3,21
400,Malakai Buckley,2021-05-03T09:08:36Z,9,29
401,Malakai Buckley,2021-08-06T01:53:59Z,7,6
402,Malakai Buckley,2021-08-06T01:53:59Z,9,23
403,Malakai Buckley,2021-08-15T21:55Z,12,9
404,Malakai Buckley,2021-08-24T02:35:51Z,7,31
405,Malakai Buckley,2021-08-24T02:35:51Z,11,9
406,Malakai Buckley,2021-09-13T12:06:52Z,3,29
407,Malakai Buckley,2021-09-13T12:06:52Z,6,11
408,Malakai Buckley,2021-10-07T21:47:10Z,2,29
409,Malakai Buckley,2021-10-07T21:47:10Z,10,1
410,Malakai Buckley,2021-11-16T23:20:13Z,1,20
411,Malakai Buckley,2021-11-16T23:20:13Z,10,3
412,Malakai Buckley,2021-12-22T07:15Z,4,17
413,Malakai Buckley,2021-12-22T07:15Z,6,24
414,Mohamad Robertson,2021-02-04T23:12:52Z,6,3
415,Mohamad Robertson,2021-02-20T10:43:22Z,6,1
416,Mohamad Robertson,2021-03-26T20:46:56Z,2,23
417,Mohamad Robertson,2021-03-26T20:46:56Z,7,16
418,Mohamad Robertson,2021-04-26T06:41:12Z,6,26
419,Mohamad Robertson,2021-04-26T06:41:12Z,6,32
420,Mohamad Robertson,2021-05-06T20:11:11Z,3,11
421,Mohamad Robertson,2021-05-06T20:11:11Z,4,8
422,Mohamad Robertson,2021-05-06T20:11:11Z,7,12
423,Mohamad Robertson,2021-05-16T03:05:29Z,3,27
424,Mohamad Robertson,2021-06-06T14:49:56Z,10,32
425,Mohamad Robertson,2021-07-05T18:08:31Z,6,30
426,Mohamad Robertson,2021-08-06T15:00:43Z,2,6
427,Mohamad Robertson,2021-08-06T15:00:43Z,6,14
428,Mohamad Robertson,2021-08-06T15:00:43Z,8,25
429,Mohamad Robertson,2021-10-02T19:24:25Z,9,15
430,Mohamad Robertson,2021-10-29T22:38:21Z,2,3
431,Mohamad Robertson,2021-10-29T22:38:21Z,5,15
432,Mohamad Robertson,2021-10-29T22:38:21Z,5,16
433,Mohamad Robertson,2021-12-18T15:50:10Z,3,13
434,Mohamad Robertson,2022-01-18T01:44:26Z,2,12
435,Mohamad Robertson,2022-01-18T01:44:26Z,12,14
436,Shirley Mayo,2021-03-28T20:51:35Z,3,6
437,Shirley Mayo,2021-03-28T20:51:35Z,5,32
438,Shirley Mayo,2021-04-22T06:31:54Z,5,18
439,Shirley Mayo,2021-04-22T06:31:54Z,6,24
440,Shirley Mayo,2021-04-22T06:31:54Z,7,28
441,Shirley Mayo,2021-06-13T12:55:06Z,5,27
442,Shirley Mayo,2021-07-01T22:21:27Z,1,19
443,Shirley Mayo,2021-07-01T22:21:27Z,6,20
444,Shirley Mayo,2021-08-04T19:18:18Z,4,13
445,Shirley Mayo,2021-08-26T07:02:45Z,3,21
446,Shirley Mayo,2021-08-26T07:02:45Z,12,31
447,Shirley Mayo,2021-10-17T09:03:43Z,7,19
448,Shirley Mayo,2021-10-17T09:03:43Z,7,29
449,Shirley Mayo,2022-01-31T00:03:34Z,7,11
450,Shirley Mayo,2022-01-31T00:03:34Z,11,21
451,Leona Gould,2021-02-21T04:12:20Z,1,18
452,Leona Gould,2021-02-21T04:12:20Z,3,18
453,Leona Gould,2021-02-21T04:12:20Z,10,23
454,Leona Gould,2021-02-26T06:35:05Z,2,17
455,Leona Gould,2021-03-24T03:13:19Z,4,16
456,Leona Gould,2021-03-24T03:13:19Z,10,28
457,Leona Gould,2021-05-24T16:30:49Z,4,13
458,Leona Gould,2021-05-24T16:30:49Z,8,28
459,Leona Gould,2021-07-25T05:48:19Z,10,27
460,Leona Gould,2021-07-25T05:48:19Z,10,31
461,Leona Gould,2021-07-27T14:37:27Z,6,19
462,Leona Gould,2021-10-07T13:02:41Z,11,9
463,Leona Gould,2021-10-07T13:02:41Z,12,21
464,Leona Gould,2021-12-19T22:25:52Z,7,7
465,Leona Gould,2021-12-19T22:25:52Z,7,21
466,Leona Gould,2021-12-19T22:25:52Z,8,27
467,Leona Gould,2021-12-19T22:25:52Z,10,28
468,Leona Gould,2021-12-27T18:22:14Z,5,24
469,Terence Lyons,2021-02-16T14:56:18Z,10,7
470,Terence Lyons,2021-03-04T15:33:31Z,12,5
471,Terence Lyons,2021-03-21T22:46:25Z,7,8
472,Terence Lyons,2021-03-21T22:46:25Z,8,1
473,Terence Lyons,2021-03-28T20:51:35Z,6,22
474,Terence Lyons,2021-06-16T19:35:26Z,4,20
475,Terence Lyons,2021-06-16T19:35:26Z,7,19
476,Terence Lyons,2021-07-05T22:30:45Z,8,27
477,Terence Lyons,2021-07-11T18:22:28Z,5,27
478,Terence Lyons,2021-07-27T14:37:27Z,11,21
479,Terence Lyons,2021-07-27T14:37:27Z,11,24
480,Terence Lyons,2021-09-18T10:07:22Z,6,4
481,Terence Lyons,2021-10-18T20:01:38Z,6,10
482,Terence Lyons,2021-12-01T21:43:59Z,3,31
483,Terence Lyons,2021-12-01T21:43:59Z,8,14
484,Terence Lyons,2022-01-14T19:04:06Z,2,16
485,Terence Lyons,2022-01-14T19:04:06Z,6,9
486,Ethan Murray,2021-03-22T20:37:38Z,3,7
487,Ethan Murray,2021-04-16T19:24:40Z,3,7
488,Ethan Murray,2021-04-16T19:24:40Z,3,12
489,Ethan Murray,2021-04-16T19:24:40Z,10,18
490,Ethan Murray,2021-04-16T19:24:40Z,11,5
491,Ethan Murray,2021-04-16T19:24:40Z,11,6
492,Ethan Murray,2021-05-15T00:52:02Z,6,17
493,Ethan Murray,2021-06-02T01:33:54Z,9,4
494,Ethan Murray,2021-06-23T22:02:50Z,9,25
495,Ethan Murray,2021-07-13T18:27:07Z,9,17
496,Ethan Murray,2021-07-13T18:27:07Z,11,26
497,Ethan Murray,2021-09-01T02:54:28Z,6,15
498,Ethan Murray,2021-09-01T02:54:28Z,8,10
499,Ethan Murray,2021-09-01T02:54:28Z,9,28
500,Ethan Murray,2021-09-01T02:54:28Z,10,28
501,Ethan Murray,2021-09-26T23:32:42Z,5,20
502,Ethan Murray,2021-10-05T21:42:31Z,1,10
503,Ethan Murray,2021-10-11T13:12Z,1,7
504,Ethan Murray,2021-10-11T13:12Z,3,11
505,Ethan Murray,2021-10-26T20:20:15Z,10,22
506,Ethan Murray,2021-11-10T09:59:32Z,1,17
507,Ethan Murray,2021-11-10T09:59:32Z,2,8
508,Karl Blevins,2021-02-07T21:08:43Z,11,28
509,Karl Blevins,2021-03-29T18:42:47Z,7,15
510,Karl Blevins,2021-03-29T18:42:47Z,12,16
511,Karl Blevins,2021-05-25T05:37:32Z,3,1
512,Karl Blevins,2021-06-20T15:22:30Z,1,27
513,Karl Blevins,2021-06-20T15:22:30Z,4,8
514,Karl Blevins,2021-06-20T15:22:30Z,6,16
515,Karl Blevins,2021-06-20T15:22:30Z,8,12
516,Karl Blevins,2021-07-19T05:34:21Z,8,27
517,Karl Blevins,2021-07-19T05:34:21Z,10,6
518,Karl Blevins,2021-07-19T05:34:21Z,12,3
519,Karl Blevins,2021-08-05T12:47:16Z,1,9
520,Karl Blevins,2021-08-05T12:47:16Z,5,15
521,Karl Blevins,2021-12-12T11:13:59Z,6,1
522,Karl Blevins,2021-12-12T11:13:59Z,9,29
523,Karl Blevins,2021-12-18T11:27:56Z,3,1
524,Karl Blevins,2021-12-28T03:06:43Z,3,4
525,Karl Blevins,2021-12-28T03:06:43Z,10,4
526,Lincoln Haynes,2021-05-27T18:48:55Z,2,14
527,Lincoln Haynes,2021-05-27T18:48:55Z,10,21
528,Lincoln Haynes,2021-07-01T00:30:15Z,3,3
529,Lincoln Haynes,2021-07-06T15:59:43Z,9,32
530,Lincoln Haynes,2021-07-09T00:48:51Z,3,8
531,Lincoln Haynes,2021-07-09T00:48:51Z,5,29
532,Lincoln Haynes,2021-08-05T08:25:01Z,9,11
533,Lincoln Haynes,2021-08-05T08:25:01Z,11,3
534,Lincoln Haynes,2021-09-24T10:21:20Z,2,15
535,Lincoln Haynes,2021-11-20T06:00:34Z,1,21
536,Lincoln Haynes,2021-11-20T06:00:34Z,10,19
537,Lincoln Haynes,2021-11-22T14:49:42Z,4,11
538,Lincoln Haynes,2021-12-10T11:09:19Z,4,6
539,Lincoln Haynes,2021-12-10T11:09:19Z,11,11
540,Lincoln Haynes,2022-01-31T21:54:46Z,8,1
541,Lincoln Haynes,2022-01-31T21:54:46Z,9,5
542,Keyaan Bennett,2021-05-02T20:01:53Z,7,30
543,Keyaan Bennett,2021-06-12T01:57:10Z,1,9
544,Keyaan Bennett,2021-08-13T21:50:21Z,8,3
545,Keyaan Bennett,2021-08-13T21:50:21Z,12,8
546,Keyaan Bennett,2021-09-04T05:12:34Z,1,9
547,Keyaan Bennett,2021-09-04T05:12:34Z,12,6
548,Keyaan Bennett,2021-09-18T10:07:22Z,12,24
549,Keyaan Bennett,2021-10-21T13:35:15Z,2,8
550,Keyaan Bennett,2021-10-21T13:35:15Z,5,4
551,Keyaan Bennett,2021-10-30T16:07:19Z,8,30
552,Keyaan Bennett,2021-11-06T01:05:45Z,1,14
553,Keyaan Bennett,2021-11-06T01:05:45Z,3,25
554,Keyaan Bennett,2021-12-02T02:06:14Z,6,17
555,Keyaan Bennett,2021-12-02T02:06:14Z,9,14
556,Keyaan Bennett,2021-12-02T02:06:14Z,9,28
557,Keyaan Bennett,2021-12-02T02:06:14Z,11,23
558,Keyaan Bennett,2021-12-04T10:55:22Z,10,25
559,Keyaan Bennett,2022-01-16T19:08:45Z,1,22
560,Keyaan Bennett,2022-01-21T08:24:47Z,1,32
561,Keyaan Bennett,2022-01-21T08:24:47Z,12,18
562,Keyaan Bennett,2022-01-23T04:07:12Z,2,13
563,Keyaan Bennett,2022-01-28T06:29:57Z,7,16
564,Keyaan Bennett,2022-01-28T06:29:57Z,9,28
565,Keyaan Bennett,2022-01-28T06:29:57Z,10,20
566,Carter Phelps,2021-02-02T05:39:15Z,1,31
567,Carter Phelps,2021-02-02T05:39:15Z,3,15
568,Carter Phelps,2021-04-13T21:28:48Z,5,16
569,Carter Phelps,2021-05-11T13:49:27Z,11,16
570,Carter Phelps,2021-06-28T06:56:38Z,11,12
571,Carter Phelps,2021-07-06T15:59:43Z,1,12
572,Carter Phelps,2021-07-06T15:59:43Z,10,25
573,Carter Phelps,2021-08-07T04:07:26Z,9,18
574,Carter Phelps,2021-08-07T04:07:26Z,9,30
575,Carter Phelps,2021-10-23T00:33:11Z,7,1
576,Carter Phelps,2021-10-23T00:33:11Z,10,24
577,Carter Phelps,2021-11-28T15:03:39Z,3,21
578,Carter Phelps,2021-11-28T15:03:39Z,5,24
579,Carter Phelps,2021-12-04T15:17:36Z,12,27
580,Carter Phelps,2021-12-16T02:38:48Z,8,19
581,Carter Phelps,2021-12-16T02:38:48Z,8,21
582,Carter Phelps,2022-01-04T05:34:07Z,9,3
583,Carter Phelps,2022-01-12T05:52:44Z,4,12
584,Carter Phelps,2022-01-15T16:55:18Z,4,11
585,Haseeb Joseph,2021-02-08T14:37:41Z,5,18
586,Haseeb Joseph,2021-02-08T14:37:41Z,12,21
587,Haseeb Joseph,2021-02-13T17:00:26Z,3,7
588,Haseeb Joseph,2021-05-24T20:53:03Z,11,11
589,Haseeb Joseph,2021-06-08T23:39:04Z,10,9
590,Haseeb Joseph,2021-10-08T10:53:54Z,9,26
591,Haseeb Joseph,2021-10-08T10:53:54Z,12,18
592,Haseeb Joseph,2021-10-12T19:47:41Z,9,9
593,Haseeb Joseph,2021-10-24T02:46:38Z,1,13
594,Haseeb Joseph,2021-11-16T05:51:15Z,5,25
595,Haseeb Joseph,2021-11-20T10:22:48Z,5,17
596,Haseeb Joseph,2021-11-20T10:22:48Z,7,6
597,Haseeb Joseph,2021-11-20T10:22:48Z,8,29
598,Haseeb Joseph,2021-12-30T03:11:22Z,5,9
599,Haseeb Joseph,2022-01-04T01:11:53Z,5,3
600,Haseeb Joseph,2022-01-11T03:39:17Z,2,20
601,Haseeb Joseph,2022-01-11T03:39:17Z,8,16
602,Keith Pope,2021-03-01T00:08:42Z,9,5
603,Keith Pope,2021-03-18T07:21:36Z,4,3
604,Keith Pope,2021-04-13T03:59:50Z,2,20
605,Keith Pope,2021-04-18T06:22:35Z,4,20
606,Keith Pope,2021-04-18T15:07:04Z,3,4
607,Keith Pope,2021-07-26T12:24Z,9,19
608,Keith Pope,2021-07-26T12:24Z,9,29
609,Keith Pope,2021-07-26T12:24Z,11,9
610,Keith Pope,2021-09-02T05:07:55Z,3,18
611,Keith Pope,2021-09-14T14:20:19Z,3,12
612,Keith Pope,2021-09-14T14:20:19Z,7,26
613,Keith Pope,2021-09-14T14:20:19Z,12,14
614,Keith Pope,2021-09-26T10:25:59Z,5,15
615,Keith Pope,2021-09-26T10:25:59Z,10,11
616,Keith Pope,2021-10-15T13:21:18Z,1,3
617,Keith Pope,2021-10-17T00:19:14Z,2,18
618,Keith Pope,2021-11-03T11:54:23Z,7,26
619,Keith Pope,2021-11-03T11:54:23Z,12,13
620,Keith Pope,2022-01-21T12:47:01Z,11,1
621,Zack Gilmore,2021-02-28T02:17:29Z,10,2
622,Zack Gilmore,2021-04-29T04:37:03Z,4,29
623,Zack Gilmore,2021-07-14T03:11:36Z,1,1
624,Zack Gilmore,2021-07-14T03:11:36Z,2,9
625,Zack Gilmore,2021-07-14T03:11:36Z,3,31
626,Zack Gilmore,2021-07-17T09:51:57Z,2,8
627,Zack Gilmore,2021-07-17T09:51:57Z,6,25
628,Zack Gilmore,2021-07-17T09:51:57Z,8,23
629,Zack Gilmore,2021-10-30T03:00:35Z,4,21
630,Zack Gilmore,2021-11-02T09:40:56Z,2,28
631,Zack Gilmore,2022-01-14T19:04:06Z,6,8
632,Zack Gilmore,2022-01-14T19:04:06Z,10,32
633,Tanya Barber,2021-02-14T14:51:39Z,6,6
634,Tanya Barber,2021-02-14T14:51:39Z,9,19
635,Tanya Barber,2021-02-26T02:12:50Z,1,28
636,Tanya Barber,2021-02-26T02:12:50Z,8,12
637,Tanya Barber,2021-03-11T13:38:41Z,2,3
638,Tanya Barber,2021-03-11T13:38:41Z,6,5
639,Tanya Barber,2021-05-30T12:22:32Z,6,11
640,Tanya Barber,2021-05-30T12:22:32Z,11,27
641,Tanya Barber,2021-07-01T04:52:29Z,12,10
642,Tanya Barber,2021-09-19T21:05:18Z,8,23
643,Tanya Barber,2021-09-19T21:05:18Z,9,31
644,Tanya Barber,2021-10-13T00:09:55Z,8,26
645,Tanya Barber,2021-10-28T20:24:54Z,1,13
646,Tanya Barber,2021-10-28T20:24:54Z,8,1
647,Tanya Barber,2021-11-05T03:14:33Z,5,26
648,Tanya Barber,2021-11-11T03:28:30Z,4,27
649,Tanya Barber,2021-11-15T16:44:32Z,3,2
650,Tanya Barber,2021-12-03T21:48:39Z,3,19
651,Tanya Barber,2021-12-03T21:48:39Z,9,30
652,Tanya Barber,2022-01-22T15:00:28Z,4,1
653,Shaun Fuller,2021-02-14T06:07:10Z,6,22
654,Shaun Fuller,2021-02-14T06:07:10Z,10,28
655,Shaun Fuller,2021-03-25T22:55:44Z,4,1
656,Shaun Fuller,2021-04-05T08:03:28Z,9,25
657,Shaun Fuller,2021-04-10T23:32:57Z,8,10
658,Shaun Fuller,2021-04-10T23:32:57Z,11,2
659,Shaun Fuller,2021-04-10T23:32:57Z,11,4
660,Shaun Fuller,2021-07-06T15:59:43Z,3,19
661,Shaun Fuller,2021-08-30T02:49:49Z,1,21
662,Shaun Fuller,2021-08-30T02:49:49Z,8,16
663,Shaun Fuller,2021-10-01T12:48:44Z,4,8
664,Shaun Fuller,2021-10-31T00:51:48Z,2,25
665,Shaun Fuller,2021-10-31T00:51:48Z,4,1
666,Shaun Fuller,2021-11-24T14:54:21Z,2,11
667,Shaun Fuller,2022-01-25T08:34:05Z,1,1
668,Shaun Fuller,2022-01-25T08:34:05Z,8,23
669,Shaun Fuller,2022-01-26T02:03:03Z,11,21
670,Shaun Fuller,2022-01-26T02:03:03Z,12,6
671,Denis Ferrell,2021-03-02T15:28:52Z,9,4
672,Denis Ferrell,2021-03-02T15:28:52Z,9,17
673,Denis Ferrell,2021-04-12T23:37:36Z,11,5
674,Denis Ferrell,2021-04-18T19:29:19Z,4,20
675,Denis Ferrell,2021-06-21T04:29:13Z,8,22
676,Denis Ferrell,2021-06-29T22:16:48Z,11,31
677,Denis Ferrell,2021-07-02T20:12:39Z,12,3
678,Denis Ferrell,2021-08-21T17:46:43Z,5,13
679,Denis Ferrell,2021-08-21T17:46:43Z,11,14
680,Denis Ferrell,2021-09-08T18:28:36Z,8,6
681,Denis Ferrell,2021-09-08T18:28:36Z,9,21
682,Denis Ferrell,2021-09-16T14:24:58Z,1,6
683,Denis Ferrell,2021-09-16T14:24:58Z,11,13
684,Denis Ferrell,2021-10-19T17:52:51Z,11,26
685,Denis Ferrell,2021-10-31T13:58:31Z,6,17
686,Denis Ferrell,2021-10-31T13:58:31Z,8,3
687,Denis Ferrell,2021-11-22T06:05:13Z,3,12
688,Denis Ferrell,2021-11-22T06:05:13Z,12,7
689,Denis Ferrell,2021-12-02T19:35:12Z,12,4
690,Denis Ferrell,2021-12-07T17:35:42Z,7,19
691,Denis Ferrell,2021-12-08T15:26:55Z,9,5
692,Denis Ferrell,2021-12-27T18:22:14Z,12,13
693,Denis Ferrell,2021-12-29T05:20:10Z,3,14
694,Denis Ferrell,2022-01-12T23:21:41Z,9,2
695,Denis Ferrell,2022-01-12T23:21:41Z,12,14
696,Denis Ferrell,2022-01-28T19:36:40Z,9,13
697,Denis Ferrell,2022-01-28T19:36:40Z,9,18
698,Denis Ferrell,2022-01-28T19:36:40Z,12,23
699,Khadija Howe,2021-03-02T11:06:37Z,3,20
700,Khadija Howe,2021-03-02T11:06:37Z,5,20
701,Khadija Howe,2021-03-03T13:20:04Z,1,20
702,Khadija Howe,2021-03-03T13:20:04Z,2,23
703,Khadija Howe,2021-03-03T13:20:04Z,5,31
704,Khadija Howe,2021-03-16T16:01:26Z,5,16
705,Khadija Howe,2021-04-04T05:50:01Z,1,29
706,Khadija Howe,2021-04-15T04:04:29Z,3,28
707,Khadija Howe,2021-04-15T04:04:29Z,5,6
708,Khadija Howe,2021-04-15T04:04:29Z,8,28
709,Khadija Howe,2021-04-15T04:04:29Z,10,18
710,Khadija Howe,2021-05-04T02:37:34Z,6,7
711,Khadija Howe,2021-05-04T02:37:34Z,10,16
712,Khadija Howe,2021-05-23T14:17:22Z,9,8
713,Khadija Howe,2021-08-02T06:06:55Z,7,17
714,Khadija Howe,2021-08-02T06:06:55Z,10,4
715,Khadija Howe,2021-08-02T06:06:55Z,11,24
716,Khadija Howe,2021-08-13T08:43:38Z,7,6
717,Khadija Howe,2021-08-17T17:37:25Z,8,32
718,Khadija Howe,2021-08-17T17:37:25Z,12,26
719,Khadija Howe,2021-09-08T00:59:38Z,6,2
720,Khadija Howe,2021-11-11T07:50:45Z,3,11
721,Khadija Howe,2021-11-24T10:32:06Z,6,17
722,Jaxon Mclean,2021-04-02T18:52:06Z,6,3
723,Jaxon Mclean,2021-04-02T18:52:06Z,7,22
724,Jaxon Mclean,2021-04-02T18:52:06Z,10,20
725,Jaxon Mclean,2021-04-18T06:22:35Z,2,15
726,Jaxon Mclean,2021-04-18T06:22:35Z,8,17
727,Jaxon Mclean,2021-07-03T00:34:54Z,5,10
728,Jaxon Mclean,2021-07-16T20:45:13Z,5,23
729,Jaxon Mclean,2021-07-20T03:25:34Z,5,27
730,Jaxon Mclean,2021-07-20T03:25:34Z,12,3
731,Jaxon Mclean,2021-08-12T19:36:54Z,8,28
732,Jaxon Mclean,2021-08-31T05:03:16Z,3,2
733,Jaxon Mclean,2021-10-07T08:40:27Z,2,11
734,Jaxon Mclean,2021-11-19T12:31:36Z,4,19
735,Amber Mclaughlin,2021-02-03T07:52:42Z,6,29
736,Amber Mclaughlin,2021-02-03T07:52:42Z,7,24
737,Amber Mclaughlin,2021-02-03T07:52:42Z,8,10
738,Amber Mclaughlin,2021-02-16T19:18:32Z,5,9
739,Amber Mclaughlin,2021-02-16T19:18:32Z,7,28
740,Amber Mclaughlin,2021-04-03T03:36:35Z,10,8
741,Amber Mclaughlin,2021-04-03T03:36:35Z,12,16
742,Amber Mclaughlin,2021-04-21T13:02:56Z,10,17
743,Amber Mclaughlin,2021-06-26T06:51:59Z,1,3
744,Amber Mclaughlin,2021-07-07T18:13:10Z,5,31
745,Amber Mclaughlin,2021-07-07T18:13:10Z,8,4
746,Amber Mclaughlin,2021-07-10T16:09:01Z,5,10
747,Amber Mclaughlin,2021-07-10T16:09:01Z,8,17
748,Amber Mclaughlin,2021-10-05T12:58:02Z,8,30
749,Amber Mclaughlin,2021-10-14T19:52:20Z,8,5
750,Amber Mclaughlin,2021-10-16T15:34:45Z,5,25
751,Amber Mclaughlin,2021-10-16T15:34:45Z,9,4
752,Amber Mclaughlin,2021-11-01T11:49:43Z,1,18
753,Amber Mclaughlin,2021-11-01T11:49:43Z,10,9
754,Amber Mclaughlin,2021-11-05T11:59:02Z,10,21
755,Amber Mclaughlin,2021-11-05T11:59:02Z,11,6
756,Amber Mclaughlin,2021-11-29T04:10:22Z,5,3
757,Amber Mclaughlin,2021-12-15T00:25:21Z,6,8
758,Amber Mclaughlin,2021-12-15T00:25:21Z,10,27
759,Amber Mclaughlin,2021-12-15T00:25:21Z,10,31
760,Amber Mclaughlin,2021-12-23T05:06:12Z,3,1
761,Amber Mclaughlin,2021-12-23T05:06:12Z,6,8
762,Amber Mclaughlin,2021-12-23T05:06:12Z,10,31
763,Amber Mclaughlin,2022-01-20T10:33:35Z,1,12
764,Amber Mclaughlin,2022-01-20T10:33:35Z,10,27
765,Amber Mclaughlin,2022-01-26T15:09:46Z,1,19
766,Sylvie Martinez,2021-02-07T16:46:29Z,3,14
767,Sylvie Martinez,2021-05-31T23:20:28Z,4,10
768,Sylvie Martinez,2021-07-12T07:29:12Z,8,27
769,Sylvie Martinez,2021-07-12T07:29:12Z,12,16
770,Sylvie Martinez,2021-08-14T10:57:05Z,7,23
771,Sylvie Martinez,2021-08-14T10:57:05Z,12,11
772,Sylvie Martinez,2021-08-26T15:47:14Z,1,16
773,Sylvie Martinez,2021-08-26T15:47:14Z,10,23
774,Sylvie Martinez,2021-08-29T22:27:34Z,3,6
775,Sylvie Martinez,2021-08-29T22:27:34Z,12,4
776,Sylvie Martinez,2021-09-28T06:08:24Z,4,8
777,Sylvie Martinez,2021-09-28T06:08:24Z,8,29
778,Sylvie Martinez,2021-10-04T19:29:04Z,2,17
779,Sylvie Martinez,2021-12-02T19:35:12Z,11,9
780,Sylvie Martinez,2021-12-30T03:11:22Z,10,8
781,Sylvie Martinez,2022-01-03T16:27:24Z,3,19
782,Sylvie Martinez,2022-01-03T16:27:24Z,8,31
783,Sylvie Martinez,2022-01-03T16:27:24Z,12,25
784,Maeve Gutierrez,2021-02-17T17:09:45Z,3,21
785,Maeve Gutierrez,2021-02-17T17:09:45Z,7,6
786,Maeve Gutierrez,2021-02-24T19:37:09Z,2,16
787,Maeve Gutierrez,2021-05-07T18:02:23Z,6,11
788,Maeve Gutierrez,2021-05-28T16:40:07Z,1,32
789,Maeve Gutierrez,2021-06-12T06:19:25Z,4,10
790,Maeve Gutierrez,2021-06-22T15:27:09Z,4,30
791,Maeve Gutierrez,2021-07-22T07:52:27Z,6,32
792,Maeve Gutierrez,2021-07-22T07:52:27Z,8,21
793,Maeve Gutierrez,2021-07-22T16:36:56Z,9,16
794,Maeve Gutierrez,2021-07-29T10:19:52Z,4,27
795,Maeve Gutierrez,2021-09-05T16:10:30Z,5,12
796,Maeve Gutierrez,2021-09-05T16:10:30Z,11,15
797,Maeve Gutierrez,2021-09-05T16:10:30Z,12,7
798,Maeve Gutierrez,2021-09-25T16:57:01Z,1,21
799,Maeve Gutierrez,2021-10-10T19:43:02Z,6,7
800,Maeve Gutierrez,2021-10-10T19:43:02Z,9,27
801,Maeve Gutierrez,2021-10-10T19:43:02Z,12,22
802,Maeve Gutierrez,2021-12-15T04:47:36Z,8,4
803,Maeve Gutierrez,2021-12-16T15:45:31Z,2,9
804,Maeve Gutierrez,2021-12-16T15:45:31Z,11,30
805,Mabel Rich,2021-02-16T01:49:34Z,6,17
806,Mabel Rich,2021-02-16T01:49:34Z,10,5
807,Mabel Rich,2021-04-15T04:04:29Z,9,13
808,Mabel Rich,2021-04-15T04:04:29Z,9,25
809,Mabel Rich,2021-05-29T14:31:19Z,1,1
810,Mabel Rich,2021-05-29T14:31:19Z,2,2
811,Mabel Rich,2021-06-01T08:04:57Z,7,24
812,Mabel Rich,2021-06-19T13:09:03Z,5,5
813,Mabel Rich,2021-07-31T01:40:02Z,1,25
814,Mabel Rich,2021-07-31T01:40:02Z,11,2
815,Mabel Rich,2021-08-06T01:53:59Z,3,8
816,Mabel Rich,2021-08-06T01:53:59Z,5,9
817,Mabel Rich,2021-09-03T07:21:22Z,6,30
818,Mabel Rich,2021-09-03T07:21:22Z,7,6
819,Mabel Rich,2021-09-22T05:54:26Z,2,13
820,Mabel Rich,2021-10-04T23:51:19Z,3,8
821,Mabel Rich,2021-10-24T11:31:07Z,3,28
822,Mabel Rich,2022-01-08T23:12:23Z,10,3
823,Mabel Rich,2022-01-08T23:12:23Z,12,19
824,Anas Rocha,2021-02-07T08:02Z,8,3
825,Anas Rocha,2021-04-03T03:36:35Z,10,12
826,Anas Rocha,2021-04-15T08:26:44Z,5,17
827,Anas Rocha,2021-05-09T22:29:17Z,3,19
828,Anas Rocha,2021-05-09T22:29:17Z,12,12
829,Anas Rocha,2021-05-26T16:35:28Z,6,13
830,Anas Rocha,2021-05-26T16:35:28Z,6,29
831,Anas Rocha,2021-05-26T16:35:28Z,9,19
832,Anas Rocha,2021-06-02T10:18:23Z,4,18
833,Anas Rocha,2021-08-01T21:22:26Z,6,14
834,Anas Rocha,2021-09-08T18:28:36Z,9,19
835,Anas Rocha,2021-09-08T18:28:36Z,10,14
836,Anas Rocha,2021-10-19T09:08:22Z,10,30
837,Anas Rocha,2021-10-19T09:08:22Z,11,3
838,Anas Rocha,2021-10-24T02:46:38Z,2,21
839,Anas Rocha,2022-01-09T03:34:38Z,3,2
840,Anas Rocha,2022-01-09T03:34:38Z,11,4
841,Anas Rocha,2022-01-16T19:08:45Z,6,8
842,Sharon Bullock,2021-02-04T14:28:23Z,8,32
843,Sharon Bullock,2021-02-05T12:19:35Z,2,5
844,Sharon Bullock,2021-03-25T22:55:44Z,3,3
845,Sharon Bullock,2021-03-29T23:05:02Z,1,8
846,Sharon Bullock,2021-03-29T23:05:02Z,4,10
847,Sharon Bullock,2021-03-29T23:05:02Z,8,24
848,Sharon Bullock,2021-03-29T23:05:02Z,10,23
849,Sharon Bullock,2021-04-16T23:46:54Z,4,7
850,Sharon Bullock,2021-05-04T06:59:49Z,3,21
851,Sharon Bullock,2021-06-08T06:10:06Z,1,30
852,Sharon Bullock,2021-06-08T06:10:06Z,9,6
853,Sharon Bullock,2021-06-08T06:10:06Z,9,9
854,Sharon Bullock,2021-06-16T15:13:12Z,6,1
855,Sharon Bullock,2021-06-16T15:13:12Z,7,19
856,Sharon Bullock,2021-06-19T04:24:34Z,2,29
857,Sharon Bullock,2021-06-19T04:24:34Z,4,12
858,Sharon Bullock,2021-06-19T04:24:34Z,10,10
859,Sharon Bullock,2021-06-20T15:22:30Z,5,24
860,Sharon Bullock,2021-06-20T15:22:30Z,6,10
861,Sharon Bullock,2021-06-20T15:22:30Z,6,11
862,Sharon Bullock,2021-07-13T18:27:07Z,5,13
863,Sharon Bullock,2021-07-18T12:05:24Z,1,23
864,Sharon Bullock,2021-07-18T12:05:24Z,11,29
865,Sharon Bullock,2021-08-24T11:20:20Z,8,28
866,Sharon Bullock,2021-09-23T03:45:39Z,6,16
867,Sharon Bullock,2021-09-23T03:45:39Z,10,8
868,Sharon Bullock,2021-11-03T07:32:08Z,1,6
869,Sharon Bullock,2021-11-08T05:32:39Z,2,21
870,Sharon Bullock,2021-11-08T05:32:39Z,8,5
871,Sharon Bullock,2021-11-11T07:50:45Z,5,2
872,Sharon Bullock,2021-11-11T07:50:45Z,9,28
873,Sharon Bullock,2021-11-11T07:50:45Z,11,6
874,Sharon Bullock,2021-11-11T07:50:45Z,11,17
875,Sharon Bullock,2021-12-13T00:20:42Z,4,21
876,Sharon Bullock,2021-12-13T00:20:42Z,5,22
877,Sharon Bullock,2021-12-13T00:20:42Z,12,30
878,Sharon Bullock,2021-12-22T02:52:45Z,8,21
879,Sharon Bullock,2022-01-04T23:03:05Z,12,28
880,Sharon Bullock,2022-01-15T08:10:49Z,7,14
881,Edmund Stewart,2021-07-23T01:21:25Z,3,19
882,Edmund Stewart,2021-08-04T10:33:49Z,8,12
883,Edmund Stewart,2021-08-04T10:33:49Z,10,8
884,Edmund Stewart,2021-08-04T10:33:49Z,11,32
885,Edmund Stewart,2021-08-11T17:23:28Z,9,13
886,Edmund Stewart,2021-10-11T04:27:31Z,6,7
887,Edmund Stewart,2021-10-11T04:27:31Z,9,23
888,Edmund Stewart,2021-10-13T08:54:24Z,10,2
889,Edmund Stewart,2021-10-21T22:19:44Z,3,20
890,Edmund Stewart,2022-01-14T05:57:23Z,3,31
891,Edmund Stewart,2022-01-14T05:57:23Z,12,20
892,Seth Carpenter,2021-02-05T12:19:35Z,1,1
893,Seth Carpenter,2021-02-22T19:32:30Z,12,25
894,Seth Carpenter,2021-02-27T00:04:02Z,11,14
895,Seth Carpenter,2021-03-13T13:43:20Z,2,12
896,Seth Carpenter,2021-03-13T13:43:20Z,7,16
897,Seth Carpenter,2021-05-30T08:00:17Z,8,2
898,Seth Carpenter,2021-07-25T01:26:04Z,8,32
899,Seth Carpenter,2021-08-15T04:26:03Z,3,1
900,Seth Carpenter,2021-09-19T03:36:20Z,10,27
901,Seth Carpenter,2021-09-25T16:57:01Z,1,27
902,Seth Carpenter,2021-09-25T16:57:01Z,4,6
903,Seth Carpenter,2021-09-25T16:57:01Z,6,14
904,Seth Carpenter,2021-10-03T17:15:38Z,5,26
905,Seth Carpenter,2021-12-11T00:16:03Z,6,10
906,Seth Carpenter,2021-12-11T00:16:03Z,7,7
907,Seth Carpenter,2021-12-19T13:41:23Z,3,7
908,Seth Carpenter,2022-01-01T03:16:01Z,2,3
909,Seth Carpenter,2022-01-01T03:16:01Z,12,3
910,Arthur Thomson,2021-03-17T00:45:55Z,2,19
911,Arthur Thomson,2021-03-31T05:40:43Z,3,15
912,Arthur Thomson,2021-03-31T05:40:43Z,11,27
913,Arthur Thomson,2021-04-03T12:21:04Z,10,20
914,Arthur Thomson,2021-04-05T12:25:43Z,1,24
915,Arthur Thomson,2021-04-05T12:25:43Z,12,30
916,Arthur Thomson,2021-07-06T11:37:29Z,1,22
917,Arthur Thomson,2021-08-27T13:38:26Z,2,30
918,Arthur Thomson,2021-08-27T13:38:26Z,6,9
919,Arthur Thomson,2021-08-28T15:51:53Z,2,26
920,Arthur Thomson,2021-08-28T15:51:53Z,3,32
921,Arthur Thomson,2021-10-08T06:31:39Z,7,12
922,Arthur Thomson,2021-10-10T10:58:33Z,9,7
923,Arthur Thomson,2021-10-10T10:58:33Z,12,16
924,Arthur Thomson,2021-10-21T17:57:30Z,4,3
925,Arthur Thomson,2021-10-24T11:31:07Z,2,15
926,Alexa Nicholson,2021-03-29T01:13:50Z,7,5
927,Alexa Nicholson,2021-03-29T01:13:50Z,12,17
928,Alexa Nicholson,2021-04-12T19:15:21Z,10,9
929,Alexa Nicholson,2021-05-16T11:49:58Z,6,17
930,Alexa Nicholson,2021-05-27T14:26:40Z,10,6
931,Alexa Nicholson,2021-06-03T08:09:36Z,10,29
932,Alexa Nicholson,2021-06-03T08:09:36Z,11,11
933,Alexa Nicholson,2021-06-03T08:09:36Z,12,30
934,Alexa Nicholson,2021-07-16T20:45:13Z,11,4
935,Alexa Nicholson,2021-07-16T20:45:13Z,12,25
936,Alexa Nicholson,2021-07-22T12:14:42Z,10,13
937,Alexa Nicholson,2021-12-25T09:33:06Z,3,25
938,Alexa Nicholson,2021-12-25T09:33:06Z,10,10
939,Alexa Nicholson,2021-12-25T09:33:06Z,12,7
940,Alexa Nicholson,2021-12-28T07:28:57Z,10,21
941,Alexa Nicholson,2021-12-28T07:28:57Z,11,8
942,Lucia Collins,2021-02-24T19:37:09Z,4,2
943,Lucia Collins,2021-02-24T19:37:09Z,11,28
944,Lucia Collins,2021-03-05T22:09:12Z,2,30
945,Lucia Collins,2021-03-05T22:09:12Z,7,23
946,Lucia Collins,2021-03-11T22:23:10Z,5,11
947,Lucia Collins,2021-04-12T01:46:24Z,1,19
948,Lucia Collins,2021-04-25T13:12:14Z,1,4
949,Lucia Collins,2021-08-22T02:31:12Z,5,4
950,Lucia Collins,2021-08-22T02:31:12Z,7,27
951,Lucia Collins,2021-09-29T03:59:36Z,10,11
952,Lucia Collins,2021-10-26T02:51:17Z,12,23
953,Lucia Collins,2021-11-15T12:22:17Z,8,23
954,Lucia Collins,2021-11-28T01:56:56Z,2,10
955,Lucia Collins,2021-11-28T01:56:56Z,11,3
956,Lucia Collins,2021-11-28T15:03:39Z,11,26
957,Lucia Collins,2021-12-14T20:03:07Z,12,7
958,Lucia Collins,2022-01-02T01:07:13Z,1,13
959,Lucia Collins,2022-01-02T01:07:13Z,9,25
960,Lucia Collins,2022-01-02T14:13:57Z,5,22
961,Liam Levine,2021-03-07T04:44:54Z,10,3
962,Liam Levine,2021-03-10T15:47:28Z,6,28
963,Liam Levine,2021-03-10T15:47:28Z,11,9
964,Liam Levine,2021-05-03T17:53:05Z,4,1
965,Liam Levine,2021-05-03T17:53:05Z,10,20
966,Liam Levine,2021-06-02T14:40:38Z,10,25
967,Liam Levine,2021-06-26T02:29:44Z,6,32
968,Liam Levine,2021-06-26T02:29:44Z,11,16
969,Liam Levine,2021-07-30T16:55:33Z,6,27
970,Liam Levine,2021-08-09T08:34:20Z,8,11
971,Liam Levine,2021-09-09T11:57:33Z,12,16
972,Liam Levine,2021-09-19T12:20:49Z,2,29
973,Liam Levine,2021-09-23T12:30:07Z,6,6
974,Liam Levine,2021-10-15T13:21:18Z,8,10
975,Liam Levine,2021-11-26T19:21:14Z,5,23
976,Liam Levine,2021-11-26T19:21:14Z,9,27
977,Liam Levine,2021-11-26T19:21:14Z,11,3
978,Liam Levine,2021-11-26T19:21:14Z,12,32
979,Liam Levine,2021-11-27T21:34:41Z,11,8
980,Rio Norton,2021-02-10T01:35:37Z,9,19
981,Rio Norton,2021-03-11T00:31:57Z,5,9
982,Rio Norton,2021-03-21T18:24:11Z,3,6
983,Rio Norton,2021-03-21T18:24:11Z,8,12
984,Rio Norton,2021-04-10T06:03:59Z,5,27
985,Rio Norton,2021-04-10T06:03:59Z,7,7
986,Rio Norton,2021-04-10T06:03:59Z,7,19
987,Rio Norton,2021-05-07T09:17:54Z,1,14
988,Rio Norton,2021-06-12T06:19:25Z,1,15
989,Rio Norton,2021-06-12T06:19:25Z,7,8
990,Rio Norton,2021-06-21T08:51:28Z,5,9
991,Rio Norton,2021-06-21T08:51:28Z,6,26
992,Rio Norton,2021-06-21T08:51:28Z,7,4
993,Rio Norton,2021-09-12T23:00:08Z,3,16
994,Rio Norton,2021-09-12T23:00:08Z,10,30
995,Rio Norton,2021-11-29T04:10:22Z,2,14
996,Rio Norton,2021-11-29T04:10:22Z,5,18
997,Rio Norton,2021-11-29T04:10:22Z,7,24
998,Rio Norton,2021-11-29T04:10:22Z,10,15
999,Rio Norton,2021-12-04T06:33:08Z,11,2
1000,Rio Norton,2022-01-02T05:29:28Z,4,5
1001,Rio Norton,2022-01-02T05:29:28Z,6,11
1002,Rio Norton,2022-01-17T16:59:58Z,2,7
1003,Rio Norton,2022-01-28T10:52:11Z,3,2
1004,Teresa Lam,2021-03-21T05:17:27Z,12,28
1005,Teresa Lam,2021-04-04T05:50:01Z,8,10
1006,Teresa Lam,2021-04-04T05:50:01Z,11,14
1007,Teresa Lam,2021-04-07T08:08:07Z,2,30
1008,Teresa Lam,2021-04-13T17:06:34Z,1,20
1009,Teresa Lam,2021-04-13T17:06:34Z,3,13
1010,Teresa Lam,2021-04-26T06:41:12Z,11,4
1011,Teresa Lam,2021-04-26T06:41:12Z,11,28
1012,Teresa Lam,2021-04-27T08:54:39Z,2,4
1013,Teresa Lam,2021-04-27T08:54:39Z,2,7
1014,Teresa Lam,2021-04-27T08:54:39Z,4,22
1015,Teresa Lam,2021-04-27T08:54:39Z,6,2
1016,Teresa Lam,2021-04-27T08:54:39Z,10,11
1017,Teresa Lam,2021-05-03T22:15:20Z,1,12
1018,Teresa Lam,2021-05-03T22:15:20Z,12,15
1019,Teresa Lam,2021-07-13T14:04:53Z,10,9
1020,Teresa Lam,2021-07-22T07:52:27Z,11,4
1021,Teresa Lam,2021-11-20T19:07:17Z,8,12
1022,Teresa Lam,2021-11-30T15:08:18Z,6,23
1023,Teresa Lam,2021-12-01T17:21:45Z,1,2
1024,Juanita Adams,2021-02-04T10:06:09Z,3,29
1025,Juanita Adams,2021-03-05T09:02:29Z,11,31
1026,Juanita Adams,2021-03-14T07:12:18Z,5,8
1027,Juanita Adams,2021-03-14T07:12:18Z,9,13
1028,Juanita Adams,2021-03-14T07:12:18Z,12,6
1029,Juanita Adams,2021-04-19T12:58:17Z,9,14
1030,Juanita Adams,2021-05-05T04:51:01Z,4,2
1031,Juanita Adams,2021-06-20T19:44:44Z,9,32
1032,Juanita Adams,2021-07-07T00:44:12Z,10,4
1033,Juanita Adams,2021-07-07T00:44:12Z,11,28
1034,Juanita Adams,2021-08-26T15:47:14Z,4,3
1035,Juanita Adams,2021-08-31T05:03:16Z,3,11
1036,Juanita Adams,2021-11-05T11:59:02Z,1,24
1037,Juanita Adams,2021-11-05T11:59:02Z,3,15
1038,Juanita Adams,2021-11-05T11:59:02Z,5,3
1039,Juanita Adams,2021-11-05T11:59:02Z,6,23
1040,Juanita Adams,2021-11-09T03:23:51Z,7,5
1041,Juanita Adams,2021-11-20T06:00:34Z,1,17
1042,Juanita Adams,2021-11-30T23:52:47Z,8,19
1043,Juanita Adams,2022-01-04T01:11:53Z,11,26
1044,Eileen Garner,2021-02-09T16:51:08Z,5,25
1045,Eileen Garner,2021-02-11T21:18:02Z,5,28
1046,Eileen Garner,2021-02-11T21:18:02Z,8,9
1047,Eileen Garner,2021-02-11T21:18:02Z,9,17
1048,Eileen Garner,2021-02-11T21:18:02Z,10,8
1049,Eileen Garner,2021-02-11T21:18:02Z,10,11
1050,Eileen Garner,2021-02-11T21:18:02Z,11,12
1051,Eileen Garner,2021-04-12T06:08:38Z,11,13
1052,Eileen Garner,2021-04-18T10:44:50Z,5,21
1053,Eileen Garner,2021-05-11T13:49:27Z,4,31
1054,Eileen Garner,2021-06-16T10:50:57Z,11,5
1055,Eileen Garner,2021-07-29T19:04:20Z,8,10
1056,Eileen Garner,2021-07-29T19:04:20Z,9,32
1057,Eileen Garner,2021-07-29T19:04:20Z,11,9
1058,Eileen Garner,2021-09-19T03:36:20Z,1,30
1059,Eileen Garner,2021-10-22T02:41:59Z,11,17
1060,Eileen Garner,2021-10-22T02:41:59Z,11,18
1061,Eileen Garner,2021-10-23T09:17:40Z,6,1
1062,Eileen Garner,2021-10-29T13:53:52Z,3,19
1063,Eileen Garner,2021-12-23T00:43:58Z,5,2
1064,Eileen Garner,2021-12-23T00:43:58Z,11,21
1065,Eileen Garner,2022-01-04T05:34:07Z,5,4
1066,Eileen Garner,2022-01-04T05:34:07Z,10,5
1067,Eileen Garner,2022-01-04T05:34:07Z,10,13
1068,Eileen Garner,2022-01-09T21:03:35Z,2,18
1069,Eileen Garner,2022-01-09T21:03:35Z,5,21
1070,Eileen Garner,2022-01-11T21:08:15Z,7,3
1071,Eileen Garner,2022-01-11T21:08:15Z,7,12
1072,Eileen Garner,2022-01-11T21:08:15Z,8,9
1073,Eileen Garner,2022-01-11T21:08:15Z,9,30
1074,Kamal Crane,2021-02-07T21:08:43Z,2,30
1075,Kamal Crane,2021-03-30T12:11:45Z,3,14
1076,Kamal Crane,2021-04-30T02:28:16Z,1,26
1077,Kamal Crane,2021-04-30T02:28:16Z,5,24
1078,Kamal Crane,2021-05-01T04:41:43Z,2,23
1079,Kamal Crane,2021-05-01T04:41:43Z,5,15
1080,Kamal Crane,2021-05-01T04:41:43Z,6,20
1081,Kamal Crane,2021-05-23T09:55:08Z,12,19
1082,Kamal Crane,2021-05-30T08:00:17Z,5,15
1083,Kamal Crane,2021-07-30T08:11:04Z,4,9
1084,Kamal Crane,2021-07-30T08:11:04Z,8,27
1085,Kamal Crane,2021-08-08T06:20:53Z,6,20
1086,Kamal Crane,2021-08-24T11:20:20Z,6,7
1087,Kamal Crane,2021-09-25T03:50:18Z,7,21
1088,Kamal Crane,2021-10-01T08:26:30Z,7,25
1089,Kamal Crane,2021-10-01T08:26:30Z,11,14
1090,Kamal Crane,2021-10-01T08:26:30Z,12,9
1091,Kamal Crane,2021-11-09T03:23:51Z,5,3
1092,Kamal Crane,2021-11-29T12:54:51Z,7,15
1093,Kamal Crane,2021-12-03T21:48:39Z,4,8
1094,Kamal Crane,2021-12-03T21:48:39Z,5,8
1095,Kamal Crane,2021-12-12T02:29:30Z,3,7
1096,Kamal Crane,2021-12-12T02:29:30Z,7,1
1097,Kamal Crane,2022-01-24T15:05:07Z,6,25
1098,Kamal Crane,2022-01-24T23:49:36Z,9,14
1099,Kamal Crane,2022-01-24T23:49:36Z,12,12
1100,Alexander Burns,2021-02-12T14:47Z,5,20
1101,Alexander Burns,2021-02-24T19:37:09Z,9,29
1102,Alexander Burns,2021-04-10T19:10:42Z,8,21
1103,Alexander Burns,2021-04-10T19:10:42Z,11,21
1104,Alexander Burns,2021-04-28T06:45:51Z,5,5
1105,Alexander Burns,2021-08-02T10:29:10Z,3,3
1106,Alexander Burns,2021-08-02T10:29:10Z,11,23
1107,Alexander Burns,2021-08-20T11:11:02Z,3,3
1108,Alexander Burns,2021-08-20T15:33:17Z,10,12
1109,Alexander Burns,2021-09-05T11:48:15Z,1,12
1110,Alexander Burns,2021-09-05T11:48:15Z,8,11
1111,Alexander Burns,2021-09-22T01:32:12Z,9,20
1112,Alexander Burns,2021-10-04T19:29:04Z,7,4
1113,Alexander Burns,2021-10-21T00:28:32Z,3,6
1114,Alexander Burns,2021-10-21T00:28:32Z,8,27
1115,Alexander Burns,2021-12-31T01:02:34Z,6,15
1116,Laurie Meadows,2021-04-08T01:37:05Z,9,10
1117,Laurie Meadows,2021-04-16T19:24:40Z,1,9
1118,Laurie Meadows,2021-05-06T20:11:11Z,2,16
1119,Laurie Meadows,2021-05-06T20:11:11Z,3,10
1120,Laurie Meadows,2021-05-06T20:11:11Z,6,4
1121,Laurie Meadows,2021-06-04T10:23:02Z,6,9
1122,Laurie Meadows,2021-06-04T10:23:02Z,10,11
1123,Laurie Meadows,2021-06-08T19:16:50Z,2,7
1124,Laurie Meadows,2021-06-15T04:15:16Z,3,12
1125,Laurie Meadows,2021-06-15T04:15:16Z,7,27
1126,Laurie Meadows,2021-06-15T04:15:16Z,10,24
1127,Laurie Meadows,2021-08-19T00:13:06Z,4,24
1128,Laurie Meadows,2021-08-19T00:13:06Z,6,31
1129,Laurie Meadows,2021-08-19T00:13:06Z,12,3
1130,Laurie Meadows,2021-10-26T15:58Z,9,21
1131,Laurie Meadows,2021-11-08T14:17:08Z,4,21
1132,Laurie Meadows,2021-12-17T09:14:29Z,7,12
1133,Laurie Meadows,2021-12-25T00:48:37Z,1,32
1134,Laurie Meadows,2021-12-25T00:48:37Z,6,8
1135,Tina Robbins,2021-03-13T18:05:34Z,3,12
1136,Tina Robbins,2021-03-13T18:05:34Z,3,20
1137,Tina Robbins,2021-03-26T20:46:56Z,2,29
1138,Tina Robbins,2021-03-26T20:46:56Z,3,3
1139,Tina Robbins,2021-03-26T20:46:56Z,12,12
1140,Tina Robbins,2021-05-16T11:49:58Z,6,18
1141,Tina Robbins,2021-05-16T11:49:58Z,10,7
1142,Tina Robbins,2021-06-26T15:36:27Z,5,4
1143,Tina Robbins,2021-06-26T15:36:27Z,6,8
1144,Tina Robbins,2021-07-06T15:59:43Z,1,20
1145,Tina Robbins,2021-09-04T18:19:17Z,6,17
1146,Tina Robbins,2021-09-04T18:19:17Z,9,3
1147,Tina Robbins,2021-09-20T10:12:02Z,4,23
1148,Tina Robbins,2021-09-20T18:56:30Z,4,4
1149,Tina Robbins,2021-09-20T18:56:30Z,8,1
1150,Tina Robbins,2021-09-27T17:01:40Z,7,4
1151,Tina Robbins,2021-10-03T04:08:54Z,10,25
1152,Tina Robbins,2021-10-10T15:20:47Z,4,7
1153,Tina Robbins,2021-10-10T15:20:47Z,8,32
1154,Tina Robbins,2021-11-10T05:37:18Z,3,16
1155,Tina Robbins,2021-11-10T05:37:18Z,3,18
1156,Tina Robbins,2021-12-30T11:55:51Z,8,15
1157,Tina Robbins,2022-01-14T10:19:37Z,3,9
1158,Whitney Hampton,2021-05-25T05:37:32Z,11,24
1159,Whitney Hampton,2021-10-17T04:41:28Z,1,11
1160,Whitney Hampton,2021-10-17T04:41:28Z,2,6
1161,Whitney Hampton,2021-10-17T04:41:28Z,8,29
1162,Whitney Hampton,2021-10-17T04:41:28Z,11,25
1163,Whitney Hampton,2021-10-25T05:00:05Z,7,3
1164,Whitney Hampton,2021-10-25T05:00:05Z,8,1
1165,Whitney Hampton,2021-10-30T16:07:19Z,11,12
1166,Whitney Hampton,2021-11-16T10:13:30Z,5,27
1167,Whitney Hampton,2021-12-15T22:16:33Z,2,29
1168,Whitney Hampton,2022-01-12T23:21:41Z,4,12
1169,Whitney Hampton,2022-01-12T23:21:41Z,5,32
1170,Wanda Archer,2021-02-11T03:49:04Z,7,5
1171,Wanda Archer,2021-02-11T03:49:04Z,10,17
1172,Wanda Archer,2021-02-22T23:54:44Z,8,20
1173,Wanda Archer,2021-02-25T13:06:07Z,3,21
1174,Wanda Archer,2021-03-11T04:54:12Z,5,25
1175,Wanda Archer,2021-04-01T12:16:24Z,2,13
1176,Wanda Archer,2021-04-15T08:26:44Z,1,31
1177,Wanda Archer,2021-04-15T08:26:44Z,5,24
1178,Wanda Archer,2021-04-28T15:30:20Z,3,26
1179,Wanda Archer,2021-04-28T15:30:20Z,3,31
1180,Wanda Archer,2021-04-28T15:30:20Z,6,30
1181,Wanda Archer,2021-04-28T15:30:20Z,7,17
1182,Wanda Archer,2021-06-03T16:54:05Z,1,25
1183,Wanda Archer,2021-06-03T16:54:05Z,3,26
1184,Wanda Archer,2021-06-04T14:45:17Z,3,19
1185,Wanda Archer,2021-06-04T14:45:17Z,9,8
1186,Wanda Archer,2021-06-04T14:45:17Z,9,16
1187,Wanda Archer,2021-06-14T06:24:04Z,2,11
1188,Wanda Archer,2021-06-14T06:24:04Z,12,13
1189,Wanda Archer,2021-06-19T04:24:34Z,7,14
1190,Wanda Archer,2021-07-13T00:58:10Z,11,25
1191,Wanda Archer,2021-10-23T00:33:11Z,6,28
1192,Wanda Archer,2021-10-23T00:33:11Z,7,22
1193,Wanda Archer,2021-11-06T14:12:29Z,4,27
1194,Wanda Archer,2021-11-06T14:12:29Z,5,11
1195,Wanda Archer,2021-12-18T02:43:27Z,3,6
1196,Wanda Archer,2022-01-25T08:34:05Z,1,7
1197,Preston Payne,2021-02-03T20:59:25Z,4,26
1198,Preston Payne,2021-03-08T20:05:04Z,1,1
1199,Preston Payne,2021-03-08T20:05:04Z,2,13
1200,Preston Payne,2021-03-21T05:17:27Z,9,18
1201,Preston Payne,2021-03-21T05:17:27Z,11,9
1202,Preston Payne,2021-04-03T16:43:18Z,2,1
1203,Preston Payne,2021-05-05T00:28:46Z,4,23
1204,Preston Payne,2021-05-09T22:29:17Z,7,17
1205,Preston Payne,2021-08-09T21:41:03Z,9,9
1206,Preston Payne,2021-08-09T21:41:03Z,10,16
1207,Preston Payne,2021-08-13T21:50:21Z,7,10
1208,Preston Payne,2021-08-13T21:50:21Z,9,10
1209,Preston Payne,2021-08-21T09:02:14Z,4,8
1210,Preston Payne,2021-08-21T09:02:14Z,5,21
1211,Preston Payne,2021-09-04T05:12:34Z,9,3
1212,Preston Payne,2021-09-17T07:53:56Z,7,21
1213,Preston Payne,2021-09-24T05:59:05Z,2,7
1214,Preston Payne,2021-09-24T05:59:05Z,4,13
1215,Preston Payne,2021-09-24T05:59:05Z,7,32
1216,Preston Payne,2021-09-27T12:39:26Z,9,7
1217,Preston Payne,2021-10-25T00:37:50Z,5,5
1218,Preston Payne,2021-10-27T22:33:42Z,2,1
1219,Preston Payne,2021-10-27T22:33:42Z,9,29
1220,Preston Payne,2021-10-31T00:51:48Z,12,11
1221,Preston Payne,2021-10-31T00:51:48Z,12,21
1222,Preston Payne,2021-12-13T22:11:54Z,7,16
1223,Ewan Craig,2021-02-10T19:04:35Z,3,6
1224,Ewan Craig,2021-02-10T19:04:35Z,7,1
1225,Ewan Craig,2021-02-21T17:19:03Z,3,12
1226,Ewan Craig,2021-02-21T17:19:03Z,10,13
1227,Ewan Craig,2021-02-26T15:19:34Z,2,24
1228,Ewan Craig,2021-02-26T15:19:34Z,8,13
1229,Ewan Craig,2021-03-03T22:04:33Z,8,1
1230,Ewan Craig,2021-03-24T07:35:33Z,7,14
1231,Ewan Craig,2021-03-24T07:35:33Z,10,5
1232,Ewan Craig,2021-03-24T07:35:33Z,10,13
1233,Ewan Craig,2021-03-24T07:35:33Z,12,9
1234,Ewan Craig,2021-03-30T16:34Z,8,8
1235,Ewan Craig,2021-03-30T16:34Z,10,2
1236,Ewan Craig,2021-04-16T06:17:56Z,12,15
1237,Ewan Craig,2021-05-09T05:00:19Z,6,2
1238,Ewan Craig,2021-05-09T05:00:19Z,6,30
1239,Ewan Craig,2021-05-09T05:00:19Z,9,10
1240,Ewan Craig,2021-05-15T09:36:31Z,2,7
1241,Ewan Craig,2021-05-15T09:36:31Z,4,18
1242,Ewan Craig,2021-05-20T03:14:47Z,3,16
1243,Ewan Craig,2021-05-20T03:14:47Z,6,25
1244,Ewan Craig,2021-06-21T08:51:28Z,4,22
1245,Ewan Craig,2021-06-21T08:51:28Z,5,12
1246,Ewan Craig,2021-07-11T00:53:30Z,4,26
1247,Ewan Craig,2021-07-17T01:07:28Z,8,5
1248,Ewan Craig,2021-07-17T01:07:28Z,8,8
1249,Ewan Craig,2021-07-17T01:07:28Z,9,14
1250,Ewan Craig,2021-08-03T12:42:37Z,1,26
1251,Ewan Craig,2021-08-03T12:42:37Z,2,24
1252,Ewan Craig,2021-08-05T04:02:47Z,5,22
1253,Ewan Craig,2021-08-05T04:02:47Z,9,1
1254,Ewan Craig,2021-11-12T10:04:11Z,1,19
1255,Ewan Craig,2021-11-12T10:04:11Z,3,5
1256,Ewan Craig,2021-11-12T10:04:11Z,5,5
1257,Ewan Craig,2021-11-12T10:04:11Z,8,14
1258,Ewan Craig,2021-11-12T10:04:11Z,8,18
1259,Ewan Craig,2021-12-24T20:26:22Z,12,32
1260,Ewan Craig,2022-01-17T16:59:58Z,3,9
1261,Ewan Craig,2022-01-17T16:59:58Z,12,29
1262,Chaya Porter,2021-02-04T10:06:09Z,6,16
1263,Chaya Porter,2021-02-04T10:06:09Z,7,2
1264,Chaya Porter,2021-02-18T15:00:57Z,5,3
1265,Chaya Porter,2021-04-22T15:16:23Z,6,13
1266,Chaya Porter,2021-07-21T10:01:15Z,7,27
1267,Chaya Porter,2021-08-01T17:00:12Z,2,11
1268,Chaya Porter,2021-08-01T17:00:12Z,8,18
1269,Chaya Porter,2021-08-27T13:38:26Z,9,9
1270,Chaya Porter,2021-08-27T13:38:26Z,9,15
1271,Chaya Porter,2021-08-27T13:38:26Z,12,11
1272,Chaya Porter,2021-09-19T16:43:04Z,7,22
1273,Chaya Porter,2021-09-19T16:43:04Z,12,10
1274,Chaya Porter,2021-09-19T16:43:04Z,12,25
1275,Chaya Porter,2021-10-17T00:19:14Z,2,28
1276,Chaya Porter,2021-10-17T00:19:14Z,6,15
1277,Chaya Porter,2021-10-24T02:46:38Z,3,29
1278,Chaya Porter,2021-10-24T02:46:38Z,4,24
1279,Chaya Porter,2021-10-24T02:46:38Z,4,30
1280,Chaya Porter,2021-12-26T07:24:18Z,11,1
1281,Keira Butler,2021-03-25T01:04:31Z,2,2
1282,Keira Butler,2021-03-25T01:04:31Z,7,8
1283,Keira Butler,2021-04-09T08:12:47Z,4,17
1284,Keira Butler,2021-04-09T08:12:47Z,9,12
1285,Keira Butler,2021-05-26T12:13:14Z,12,9
1286,Keira Butler,2021-06-17T21:48:53Z,2,26
1287,Keira Butler,2021-06-17T21:48:53Z,3,25
1288,Keira Butler,2021-06-17T21:48:53Z,9,20
1289,Keira Butler,2021-07-07T13:50:55Z,4,16
1290,Keira Butler,2021-08-08T01:58:38Z,6,31
1291,Keira Butler,2021-08-08T01:58:38Z,11,7
1292,Keira Butler,2021-08-24T11:20:20Z,12,30
1293,Keira Butler,2021-08-28T20:14:08Z,3,25
1294,Keira Butler,2021-09-28T14:52:53Z,9,24
1295,Keira Butler,2021-09-28T14:52:53Z,12,30
1296,Keira Butler,2021-10-06T10:49:15Z,7,25
1297,Keira Butler,2021-12-29T05:20:10Z,8,2
1298,Keira Butler,2022-01-06T18:45:30Z,2,9
1299,Keira Butler,2022-01-06T18:45:30Z,11,2
1300,Keira Butler,2022-01-09T16:41:21Z,4,12
1301,Keira Butler,2022-01-16T23:31Z,7,18
1302,Sinead Mccann,2021-02-01T20:54:46Z,12,5
1303,Sinead Mccann,2021-02-18T06:16:28Z,1,11
1304,Sinead Mccann,2021-02-18T06:16:28Z,4,21
1305,Sinead Mccann,2021-02-18T06:16:28Z,6,30
1306,Sinead Mccann,2021-03-02T15:28:52Z,10,27
1307,Sinead Mccann,2021-03-26T07:40:13Z,1,8
1308,Sinead Mccann,2021-03-26T07:40:13Z,5,14
1309,Sinead Mccann,2021-03-26T07:40:13Z,6,31
1310,Sinead Mccann,2021-04-11T12:39:40Z,3,26
1311,Sinead Mccann,2021-04-16T06:17:56Z,5,31
1312,Sinead Mccann,2021-04-16T06:17:56Z,11,10
1313,Sinead Mccann,2021-05-16T11:49:58Z,1,19
1314,Sinead Mccann,2021-05-16T11:49:58Z,8,12
1315,Sinead Mccann,2021-07-09T00:48:51Z,8,18
1316,Sinead Mccann,2021-08-28T15:51:53Z,2,32
1317,Sinead Mccann,2021-08-28T15:51:53Z,3,17
1318,Sinead Mccann,2021-10-09T21:51:50Z,3,11
1319,Sinead Mccann,2021-10-24T20:15:36Z,9,5
1320,Sinead Mccann,2022-01-16T23:31Z,5,7
1321,Katie Cooke,2021-02-15T03:58:22Z,7,31
1322,Katie Cooke,2021-02-15T03:58:22Z,11,10
1323,Katie Cooke,2021-03-23T22:51:04Z,5,20
1324,Katie Cooke,2021-03-23T22:51:04Z,5,29
1325,Katie Cooke,2021-04-09T03:50:32Z,9,15
1326,Katie Cooke,2021-04-30T19:57:14Z,5,21
1327,Katie Cooke,2021-04-30T19:57:14Z,8,29
1328,Katie Cooke,2021-07-21T10:01:15Z,3,30
1329,Katie Cooke,2021-07-21T10:01:15Z,11,29
1330,Katie Cooke,2021-08-08T10:43:07Z,4,14
1331,Katie Cooke,2021-08-28T07:07:24Z,6,30
1332,Katie Cooke,2021-09-13T03:22:23Z,3,24
1333,Katie Cooke,2021-09-13T07:44:37Z,2,15
1334,Katie Cooke,2021-09-13T07:44:37Z,11,2
1335,Katie Cooke,2021-10-10T15:20:47Z,4,28
1336,Katie Cooke,2021-10-10T15:20:47Z,8,20
1337,Katie Cooke,2021-11-05T11:59:02Z,6,1
1338,Katie Cooke,2021-11-05T11:59:02Z,11,2
1339,Katie Cooke,2021-12-23T09:28:27Z,1,15
1340,Katie Cooke,2022-01-06T18:45:30Z,10,12
1341,Katie Cooke,2022-01-06T18:45:30Z,12,23
1342,Jackson Harper,2021-05-06T15:48:57Z,9,24
1343,Jackson Harper,2021-05-21T09:50:28Z,1,13
1344,Jackson Harper,2021-06-18T02:11:07Z,5,2
1345,Jackson Harper,2021-07-12T11:51:26Z,5,31
1346,Jackson Harper,2021-07-12T11:51:26Z,10,31
1347,Jackson Harper,2021-08-03T03:58:08Z,1,4
1348,Jackson Harper,2021-08-09T21:41:03Z,12,3
1349,Jackson Harper,2021-08-16T06:39:29Z,8,7
1350,Jackson Harper,2021-10-14T11:07:51Z,8,10
1351,Jackson Harper,2021-10-14T11:07:51Z,11,6
1352,Jackson Harper,2021-11-03T03:09:54Z,7,30
1353,Jackson Harper,2021-11-03T03:09:54Z,9,23
1354,Jackson Harper,2021-11-23T08:18:40Z,7,5
1355,Jackson Harper,2021-12-06T02:15:32Z,10,16
1356,Jackson Harper,2021-12-06T02:15:32Z,12,5
1357,Jackson Harper,2021-12-07T21:57:57Z,2,6
1358,Jackson Harper,2021-12-16T15:45:31Z,11,22
1359,Aleesha Livingston,2021-02-03T07:52:42Z,8,23
1360,Aleesha Livingston,2021-02-03T16:37:11Z,9,20
1361,Aleesha Livingston,2021-03-24T20:42:17Z,11,2
1362,Aleesha Livingston,2021-04-17T08:31:23Z,4,20
1363,Aleesha Livingston,2021-05-30T03:38:03Z,10,19
1364,Aleesha Livingston,2021-06-17T21:48:53Z,9,28
1365,Aleesha Livingston,2021-06-17T21:48:53Z,12,31
1366,Aleesha Livingston,2021-06-19T04:24:34Z,8,19
1367,Aleesha Livingston,2021-06-19T04:24:34Z,12,32
1368,Aleesha Livingston,2021-07-06T11:37:29Z,3,21
1369,Aleesha Livingston,2021-07-07T09:28:41Z,3,7
1370,Aleesha Livingston,2021-07-07T09:28:41Z,6,11
1371,Aleesha Livingston,2021-07-07T09:28:41Z,8,17
1372,Aleesha Livingston,2021-07-07T09:28:41Z,9,24
1373,Aleesha Livingston,2021-08-07T21:36:24Z,6,7
1374,Aleesha Livingston,2021-12-13T00:20:42Z,3,11
1375,Aleesha Livingston,2021-12-13T00:20:42Z,9,22
1376,Aleesha Livingston,2021-12-13T00:20:42Z,12,22
1377,Aleesha Livingston,2021-12-25T00:48:37Z,1,18
1378,Aleesha Livingston,2021-12-26T03:02:04Z,10,26
1379,Aleesha Livingston,2022-01-12T01:30:29Z,4,32
1380,Aleesha Livingston,2022-01-12T01:30:29Z,8,25
1381,Aleesha Livingston,2022-01-15T12:33:04Z,12,3
1382,Aleesha Livingston,2022-01-21T21:31:30Z,2,6
1383,Bridie Scott,2021-02-08T01:30:58Z,6,19
1384,Bridie Scott,2021-02-08T01:30:58Z,7,9
1385,Bridie Scott,2021-02-08T01:30:58Z,12,16
1386,Bridie Scott,2021-02-15T08:20:37Z,2,21
1387,Bridie Scott,2021-02-15T08:20:37Z,11,1
1388,Bridie Scott,2021-03-18T20:28:19Z,8,11
1389,Bridie Scott,2021-04-06T14:39:10Z,9,7
1390,Bridie Scott,2021-05-01T09:03:57Z,6,19
1391,Bridie Scott,2021-05-24T20:53:03Z,1,1
1392,Bridie Scott,2021-08-06T01:53:59Z,5,8
1393,Bridie Scott,2021-08-23T13:29:08Z,9,31
1394,Bridie Scott,2021-08-23T13:29:08Z,11,10
1395,Bridie Scott,2021-10-03T04:08:54Z,12,8
1396,Bridie Scott,2021-10-03T04:08:54Z,12,11
1397,Bridie Scott,2021-10-13T08:54:24Z,2,13
1398,Bridie Scott,2021-10-19T22:15:05Z,8,16
1399,Bridie Scott,2021-10-19T22:15:05Z,12,20
1400,Bridie Scott,2021-11-06T09:50:14Z,6,4
1401,Bridie Scott,2021-11-06T22:56:57Z,9,8
1402,Bridie Scott,2021-11-06T22:56:57Z,12,21
1403,Bridie Scott,2021-11-17T03:42:28Z,7,24
1404,Bridie Scott,2021-11-17T03:42:28Z,8,27
1405,Carla George,2021-02-11T08:11:18Z,3,1
1406,Carla George,2021-02-12T10:24:45Z,3,26
1407,Carla George,2021-02-12T10:24:45Z,6,16
1408,Carla George,2021-02-23T21:45:57Z,8,4
1409,Carla George,2021-02-23T21:45:57Z,11,4
1410,Carla George,2021-03-10T07:02:59Z,4,21
1411,Carla George,2021-03-10T07:02:59Z,5,6
1412,Carla George,2021-03-10T07:02:59Z,10,11
1413,Carla George,2021-03-20T16:10:44Z,5,3
1414,Carla George,2021-04-28T02:23:37Z,2,19
1415,Carla George,2021-05-14T16:07:33Z,2,8
1416,Carla George,2021-05-19T14:08:04Z,9,18
1417,Carla George,2021-05-27T23:11:09Z,10,12
1418,Carla George,2021-06-21T00:06:59Z,6,17
1419,Carla George,2021-06-21T00:06:59Z,8,31
1420,Carla George,2021-08-10T15:10:01Z,6,8
1421,Carla George,2021-08-10T15:10:01Z,7,26
1422,Carla George,2021-09-02T13:52:24Z,7,29
1423,Carla George,2021-09-24T23:28:03Z,7,10
1424,Carla George,2021-09-24T23:28:03Z,9,4
1425,Carla George,2021-09-24T23:28:03Z,12,20
1426,Carla George,2021-09-25T21:19:16Z,1,11
1427,Carla George,2021-10-17T13:25:57Z,1,17
1428,Carla George,2021-10-26T15:58Z,11,1
1429,Carla George,2022-01-04T01:11:53Z,7,8
1430,Carla George,2022-01-04T01:11:53Z,7,10
1431,Carla George,2022-01-26T10:47:32Z,10,19
1432,Hafsa Chen,2021-03-14T15:56:47Z,5,1
1433,Hafsa Chen,2021-03-17T00:45:55Z,1,32
1434,Hafsa Chen,2021-03-17T00:45:55Z,8,10
1435,Hafsa Chen,2021-04-04T01:27:47Z,7,1
1436,Hafsa Chen,2021-04-07T16:52:36Z,9,1
1437,Hafsa Chen,2021-05-07T22:24:38Z,8,4
1438,Hafsa Chen,2021-05-07T22:24:38Z,11,13
1439,Hafsa Chen,2021-05-20T20:43:45Z,9,1
1440,Hafsa Chen,2021-05-21T05:28:14Z,4,3
1441,Hafsa Chen,2021-05-21T05:28:14Z,5,22
1442,Hafsa Chen,2021-05-21T05:28:14Z,7,8
1443,Hafsa Chen,2021-06-03T08:09:36Z,1,14
1444,Hafsa Chen,2021-08-02T06:06:55Z,2,23
1445,Hafsa Chen,2021-08-02T06:06:55Z,4,14
1446,Hafsa Chen,2021-08-02T06:06:55Z,12,21
1447,Hafsa Chen,2021-08-17T00:08:27Z,7,28
1448,Hafsa Chen,2021-08-30T07:12:03Z,1,10
1449,Hafsa Chen,2021-08-30T07:12:03Z,12,19
1450,Hafsa Chen,2021-09-20T05:49:47Z,3,3
1451,Hafsa Chen,2021-09-20T05:49:47Z,7,29
1452,Hafsa Chen,2021-10-16T06:50:16Z,5,12
1453,Hafsa Chen,2021-10-16T06:50:16Z,9,26
1454,Hafsa Chen,2021-12-03T21:48:39Z,1,14
1455,Hafsa Chen,2022-01-27T21:45:28Z,6,9
1456,Daniel Mckinney,2021-02-17T12:47:30Z,5,2
1457,Daniel Mckinney,2021-02-17T12:47:30Z,7,15
1458,Daniel Mckinney,2021-02-20T23:50:05Z,3,22
1459,Daniel Mckinney,2021-02-20T23:50:05Z,8,4
1460,Daniel Mckinney,2021-05-28T21:02:22Z,8,11
1461,Daniel Mckinney,2021-06-02T14:40:38Z,5,2
1462,Daniel Mckinney,2021-07-17T14:14:11Z,1,29
1463,Daniel Mckinney,2021-07-29T23:26:35Z,4,19
1464,Daniel Mckinney,2021-10-02T19:24:25Z,3,30
1465,Daniel Mckinney,2021-10-28T16:02:40Z,11,29
1466,Daniel Mckinney,2021-11-09T03:23:51Z,3,30
1467,Daniel Mckinney,2021-11-09T03:23:51Z,10,28
1468,Daniel Mckinney,2021-11-28T19:25:54Z,2,6
1469,Daniel Mckinney,2021-12-11T04:38:17Z,3,21
1470,Daniel Mckinney,2021-12-11T04:38:17Z,7,13
1471,Daniel Mckinney,2022-01-16T14:46:31Z,9,28
1472,Daniel Mckinney,2022-01-16T19:08:45Z,10,6
1473,Mollie Taylor,2021-02-08T18:59:56Z,5,24
1474,Mollie Taylor,2021-02-08T18:59:56Z,8,25
1475,Mollie Taylor,2021-02-08T18:59:56Z,11,9
1476,Mollie Taylor,2021-03-17T22:37:07Z,3,1
1477,Mollie Taylor,2021-04-24T10:58:47Z,8,20
1478,Mollie Taylor,2021-05-06T15:48:57Z,1,7
1479,Mollie Taylor,2021-05-06T15:48:57Z,8,9
1480,Mollie Taylor,2021-05-06T15:48:57Z,9,17
1481,Mollie Taylor,2021-05-06T15:48:57Z,12,13
1482,Mollie Taylor,2021-07-19T09:56:36Z,8,9
1483,Mollie Taylor,2021-08-23T00:22:25Z,3,6
1484,Mollie Taylor,2021-08-23T00:22:25Z,11,4
1485,Mollie Taylor,2021-08-30T20:18:47Z,5,5
1486,Mollie Taylor,2021-08-30T20:18:47Z,12,3
1487,Mollie Taylor,2021-11-06T01:05:45Z,5,27
1488,Mollie Taylor,2021-11-06T01:05:45Z,6,30
1489,Mollie Taylor,2021-11-06T01:05:45Z,8,23
1490,Mollie Taylor,2021-12-28T03:06:43Z,4,6
1491,Mollie Taylor,2022-01-06T14:23:15Z,12,2
1492,Tobias Cain,2021-03-04T06:49:02Z,12,20
1493,Tobias Cain,2021-03-04T06:49:02Z,12,27
1494,Tobias Cain,2021-04-14T06:13:17Z,4,27
1495,Tobias Cain,2021-04-14T06:13:17Z,5,5
1496,Tobias Cain,2021-05-08T02:46:52Z,8,26
1497,Tobias Cain,2021-06-04T06:00:48Z,10,18
1498,Tobias Cain,2021-09-22T19:01:10Z,7,6
1499,Tobias Cain,2021-09-22T19:01:10Z,9,25
1500,Tobias Cain,2021-10-18T06:54:55Z,2,8
1501,Tobias Cain,2021-10-18T06:54:55Z,2,11
1502,Tobias Cain,2021-11-03T20:38:52Z,6,16
1503,Tobias Cain,2021-11-03T20:38:52Z,8,21
1504,Tobias Cain,2021-11-05T20:43:31Z,2,23
1505,Liana Mcgrath,2021-04-16T19:24:40Z,2,15
1506,Liana Mcgrath,2021-04-22T15:16:23Z,11,18
1507,Liana Mcgrath,2021-04-27T04:32:24Z,8,12
1508,Liana Mcgrath,2021-05-05T22:19:59Z,1,11
1509,Liana Mcgrath,2021-09-14T23:04:48Z,3,7
1510,Liana Mcgrath,2021-10-04T06:22:21Z,5,20
1511,Liana Mcgrath,2021-10-04T06:22:21Z,11,23
1512,Liana Mcgrath,2021-10-11T13:12Z,5,8
1513,Liana Mcgrath,2021-11-01T11:49:43Z,6,25
1514,Liana Mcgrath,2021-11-24T06:09:52Z,10,15
1515,Liana Mcgrath,2021-11-24T06:09:52Z,12,14
1516,Liana Mcgrath,2021-12-17T04:52:15Z,8,4
1517,Liana Mcgrath,2022-01-06T14:23:15Z,2,14
1518,Liana Mcgrath,2022-01-16T23:31Z,10,29
1519,Betsy Powers,2021-02-16T23:40:47Z,7,21
1520,Betsy Powers,2021-02-16T23:40:47Z,12,8
1521,Betsy Powers,2021-02-16T23:40:47Z,12,15
1522,Betsy Powers,2021-03-16T07:16:57Z,3,13
1523,Betsy Powers,2021-03-16T07:16:57Z,11,32
1524,Betsy Powers,2021-04-09T08:12:47Z,3,4
1525,Betsy Powers,2021-05-05T13:35:30Z,1,8
1526,Betsy Powers,2021-05-05T13:35:30Z,8,18
1527,Betsy Powers,2021-05-05T13:35:30Z,9,31
1528,Betsy Powers,2021-05-28T21:02:22Z,3,30
1529,Betsy Powers,2021-05-28T21:02:22Z,12,26
1530,Betsy Powers,2021-08-23T04:44:39Z,9,7
1531,Betsy Powers,2021-09-05T07:26:01Z,7,9
1532,Betsy Powers,2021-09-21T16:47:43Z,2,24
1533,Betsy Powers,2021-11-13T16:39:53Z,3,9
1534,Betsy Powers,2021-11-13T16:39:53Z,10,25
1535,Betsy Powers,2022-01-05T07:47:34Z,9,22
1536,Aleksander Webster,2021-04-02T01:23:08Z,11,20
1537,Aleksander Webster,2021-04-06T10:16:55Z,10,26
1538,Aleksander Webster,2021-04-06T10:16:55Z,12,10
1539,Aleksander Webster,2021-04-18T19:29:19Z,12,19
1540,Aleksander Webster,2021-05-24T16:30:49Z,10,17
1541,Aleksander Webster,2021-05-25T05:37:32Z,3,26
1542,Aleksander Webster,2021-05-25T05:37:32Z,5,18
1543,Aleksander Webster,2021-05-25T05:37:32Z,7,12
1544,Aleksander Webster,2021-06-15T08:37:30Z,3,13
1545,Aleksander Webster,2021-06-15T08:37:30Z,10,14
1546,Aleksander Webster,2021-07-08T20:26:37Z,6,30
1547,Aleksander Webster,2021-07-08T20:26:37Z,10,16
1548,Aleksander Webster,2021-07-15T01:02:49Z,1,13
1549,Aleksander Webster,2021-07-15T01:02:49Z,3,1
1550,Aleksander Webster,2021-10-19T13:30:36Z,10,13
1551,Aleksander Webster,2021-12-28T20:35:41Z,2,11
1552,Aleksander Webster,2022-01-20T19:18:03Z,8,15
1553,Antonio Merritt,2021-03-14T11:34:32Z,3,31
1554,Antonio Merritt,2021-03-14T11:34:32Z,4,6
1555,Antonio Merritt,2021-03-14T11:34:32Z,6,27
1556,Antonio Merritt,2021-03-14T11:34:32Z,8,21
1557,Antonio Merritt,2021-03-28T20:51:35Z,7,28
1558,Antonio Merritt,2021-04-02T23:14:20Z,10,8
1559,Antonio Merritt,2021-06-12T15:03:53Z,5,6
1560,Antonio Merritt,2021-06-12T15:03:53Z,5,10
1561,Antonio Merritt,2021-06-18T19:40:05Z,1,12
1562,Antonio Merritt,2021-06-18T19:40:05Z,12,9
1563,Antonio Merritt,2021-07-04T07:10:35Z,11,32
1564,Antonio Merritt,2021-07-14T11:56:05Z,8,30
1565,Antonio Merritt,2021-08-01T08:15:43Z,12,30
1566,Antonio Merritt,2021-08-07T17:14:09Z,6,15
1567,Antonio Merritt,2021-08-07T17:14:09Z,9,17
1568,Antonio Merritt,2021-09-03T11:43:36Z,12,28
1569,Antonio Merritt,2021-09-25T03:50:18Z,5,26
1570,Antonio Merritt,2021-09-25T12:34:47Z,7,7
1571,Antonio Merritt,2021-09-25T12:34:47Z,9,15
1572,Antonio Merritt,2021-10-15T04:36:49Z,3,4
1573,Antonio Merritt,2021-10-15T04:36:49Z,7,19
1574,Antonio Merritt,2021-12-19T13:41:23Z,2,18
1575,Antonio Merritt,2021-12-19T13:41:23Z,9,3
1576,Antonio Merritt,2021-12-19T13:41:23Z,9,7
1577,Antonio Merritt,2021-12-27T13:59:59Z,9,14
1578,Antonio Merritt,2021-12-28T03:06:43Z,1,26
1579,Antonio Merritt,2021-12-28T03:06:43Z,3,8
1580,Antonio Merritt,2021-12-28T03:06:43Z,8,10
1581,Antonio Merritt,2022-01-22T06:15:59Z,4,15
1582,Antonio Merritt,2022-01-22T06:15:59Z,12,17
1583,Gina Patrick,2021-02-14T23:36:08Z,3,16
1584,Gina Patrick,2021-02-25T13:06:07Z,2,31
1585,Gina Patrick,2021-02-25T13:06:07Z,3,25
1586,Gina Patrick,2021-06-22T19:49:24Z,7,27
1587,Gina Patrick,2021-06-22T19:49:24Z,9,29
1588,Gina Patrick,2021-07-31T14:46:45Z,12,14
1589,Gina Patrick,2021-09-01T16:01:11Z,3,32
1590,Gina Patrick,2021-09-23T03:45:39Z,3,9
1591,Gina Patrick,2021-09-23T03:45:39Z,3,18
1592,Gina Patrick,2021-11-26T14:59Z,10,10
1593,Gina Patrick,2021-12-29T09:42:24Z,4,2
1594,Gina Patrick,2021-12-29T09:42:24Z,11,6
1595,Gina Patrick,2021-12-31T09:47:03Z,1,30
1596,Gina Patrick,2021-12-31T09:47:03Z,5,15
1597,Gina Patrick,2021-12-31T09:47:03Z,8,9
1598,Gina Patrick,2021-12-31T09:47:03Z,9,5
1599,Gina Patrick,2021-12-31T09:47:03Z,12,9
1600,Gina Patrick,2022-01-08T05:43:25Z,7,21
1601,Gina Patrick,2022-01-08T05:43:25Z,12,26
1602,Gina Patrick,2022-01-14T10:19:37Z,9,31
1603,Holly Parker,2021-03-21T00:55:13Z,7,8
1604,Holly Parker,2021-04-03T21:05:33Z,12,1
1605,Holly Parker,2021-04-03T21:05:33Z,12,32
1606,Holly Parker,2021-04-26T06:41:12Z,5,28
1607,Holly Parker,2021-05-08T20:15:50Z,11,6
1608,Holly Parker,2021-06-18T10:55:36Z,8,5
1609,Holly Parker,2021-08-03T03:58:08Z,5,28
1610,Holly Parker,2021-08-03T03:58:08Z,10,24
1611,Holly Parker,2021-08-03T03:58:08Z,12,24
1612,Holly Parker,2021-08-11T04:16:44Z,6,2
1613,Holly Parker,2021-08-11T04:16:44Z,10,24
1614,Holly Parker,2021-09-30T01:50:48Z,1,18
1615,Holly Parker,2021-10-24T15:53:21Z,7,10
1616,Holly Parker,2021-11-22T06:05:13Z,9,4
1617,Holly Parker,2022-01-25T12:56:20Z,2,31
1618,Shane Evans,2021-05-14T03:00:50Z,4,8
1619,Shane Evans,2021-05-14T03:00:50Z,11,13
1620,Shane Evans,2021-05-28T21:02:22Z,12,12
1621,Shane Evans,2021-07-14T07:33:51Z,2,30
1622,Shane Evans,2021-08-14T02:12:36Z,10,13
1623,Shane Evans,2021-09-17T07:53:56Z,4,10
1624,Shane Evans,2021-09-17T07:53:56Z,7,23
1625,Shane Evans,2021-10-26T07:13:32Z,2,21
1626,Shane Evans,2021-11-13T12:17:38Z,9,4
1627,Shane Evans,2021-11-24T23:38:50Z,2,2
1628,Shane Evans,2021-12-06T15:22:16Z,2,5
1629,Shane Evans,2021-12-06T15:22:16Z,10,27
1630,Shane Evans,2021-12-08T15:26:55Z,5,11
1631,Shane Evans,2021-12-08T15:26:55Z,7,3
1632,Arman Obrien,2021-02-25T04:21:38Z,5,16
1633,Arman Obrien,2021-02-25T04:21:38Z,10,9
1634,Arman Obrien,2021-04-16T15:02:25Z,2,19
1635,Arman Obrien,2021-04-16T15:02:25Z,5,21
1636,Arman Obrien,2021-04-16T15:02:25Z,12,29
1637,Arman Obrien,2021-05-25T14:22:01Z,1,7
1638,Arman Obrien,2021-10-26T02:51:17Z,11,32
1639,Arman Obrien,2021-10-26T02:51:17Z,12,1
1640,Arman Obrien,2021-11-18T19:02:38Z,7,11
1641,Arman Obrien,2021-12-07T00:06:45Z,1,26
1642,Arman Obrien,2021-12-07T00:06:45Z,10,6
1643,Arman Obrien,2021-12-07T00:06:45Z,10,7
1644,Mya Callahan,2021-02-09T21:13:23Z,9,26
1645,Mya Callahan,2021-03-28T20:51:35Z,6,16
1646,Mya Callahan,2021-03-28T20:51:35Z,7,18
1647,Mya Callahan,2021-05-25T09:59:47Z,9,14
1648,Mya Callahan,2021-06-17T13:04:24Z,7,10
1649,Mya Callahan,2021-06-17T13:04:24Z,11,8
1650,Mya Callahan,2021-06-25T13:23:01Z,5,11
1651,Mya Callahan,2021-06-25T17:45:15Z,2,18
1652,Mya Callahan,2021-06-25T17:45:15Z,6,27
1653,Mya Callahan,2021-06-25T17:45:15Z,11,32
1654,Mya Callahan,2021-06-25T17:45:15Z,12,15
1655,Mya Callahan,2021-07-04T02:48:21Z,1,19
1656,Mya Callahan,2021-07-04T02:48:21Z,10,20
1657,Mya Callahan,2021-07-04T02:48:21Z,12,2
1658,Mya Callahan,2021-07-19T23:03:19Z,4,19
1659,Mya Callahan,2021-07-19T23:03:19Z,7,24
1660,Mya Callahan,2021-07-29T10:19:52Z,3,30
1661,Mya Callahan,2021-07-29T10:19:52Z,5,9
1662,Mya Callahan,2021-09-04T13:57:03Z,11,19
1663,Mya Callahan,2021-09-15T12:11:31Z,1,7
1664,Mya Callahan,2021-09-15T12:11:31Z,9,8
1665,Mya Callahan,2021-09-15T12:11:31Z,12,24
1666,Mya Callahan,2021-09-21T08:03:14Z,10,11
1667,Mya Callahan,2021-09-21T08:03:14Z,11,20
1668,Mya Callahan,2021-10-01T21:33:13Z,12,2
1669,Mya Callahan,2022-01-12T05:52:44Z,7,13
1670,Mya Callahan,2022-01-26T10:47:32Z,10,28
1671,Amina Russo,2021-04-23T08:45:21Z,1,1
1672,Amina Russo,2021-07-19T18:41:05Z,3,11
1673,Amina Russo,2021-07-19T18:41:05Z,6,6
1674,Amina Russo,2021-07-19T18:41:05Z,11,25
1675,Amina Russo,2021-08-08T15:05:22Z,10,19
1676,Amina Russo,2021-09-12T18:37:54Z,11,5
1677,Amina Russo,2021-09-13T07:44:37Z,12,29
1678,Amina Russo,2022-01-09T07:56:52Z,5,1
1679,Amina Russo,2022-01-09T07:56:52Z,6,12
1680,Amina Russo,2022-01-09T07:56:52Z,9,26
1681,Amina Russo,2022-01-09T07:56:52Z,11,8
1682,Amina Russo,2022-01-09T07:56:52Z,12,6
1683,Amina Russo,2022-01-16T23:31Z,4,27
1684,Naima Daniel,2021-03-02T06:44:23Z,9,6
1685,Naima Daniel,2021-03-11T13:38:41Z,12,12
1686,Naima Daniel,2021-05-04T02:37:34Z,2,30
1687,Naima Daniel,2021-05-04T02:37:34Z,7,24
1688,Naima Daniel,2021-05-08T02:46:52Z,4,10
1689,Naima Daniel,2021-05-17T00:56:41Z,4,31
1690,Naima Daniel,2021-05-17T00:56:41Z,7,21
1691,Naima Daniel,2021-05-17T00:56:41Z,9,15
1692,Naima Daniel,2021-05-17T00:56:41Z,9,20
1693,Naima Daniel,2021-05-17T00:56:41Z,11,11
1694,Naima Daniel,2021-05-27T23:11:09Z,1,30
1695,Naima Daniel,2021-05-29T05:46:51Z,7,2
1696,Naima Daniel,2021-07-01T09:14:44Z,4,12
1697,Naima Daniel,2021-07-01T09:14:44Z,5,25
1698,Naima Daniel,2021-07-29T10:19:52Z,4,31
1699,Naima Daniel,2021-08-02T06:06:55Z,8,1
1700,Naima Daniel,2021-10-24T15:53:21Z,3,29
1701,Naima Daniel,2021-10-24T15:53:21Z,4,14
1702,Naima Daniel,2021-10-24T15:53:21Z,6,16
1703,Naima Daniel,2021-10-24T15:53:21Z,7,30
1704,Naima Daniel,2021-10-24T15:53:21Z,8,13
1705,Naima Daniel,2021-10-24T15:53:21Z,9,24
1706,Naima Daniel,2021-10-24T15:53:21Z,12,14
1707,Naima Daniel,2021-12-02T06:28:28Z,2,22
1708,Naima Daniel,2021-12-02T06:28:28Z,9,21
1709,Naima Daniel,2021-12-12T06:51:44Z,2,29
1710,Naima Daniel,2021-12-12T06:51:44Z,3,2
1711,Naima Daniel,2021-12-12T06:51:44Z,4,2
1712,Naima Daniel,2021-12-14T20:03:07Z,6,5
1713,Naima Daniel,2021-12-14T20:03:07Z,7,12
1714,Naima Daniel,2022-01-06T01:16:32Z,11,6
1715,Naima Daniel,2022-01-10T23:17:02Z,10,17
1716,Naima Daniel,2022-01-10T23:17:02Z,10,22
1717,Naima Daniel,2022-01-18T10:28:55Z,4,14
1718,Naima Daniel,2022-01-18T10:28:55Z,10,10
1719,Gracie Tate,2021-02-03T03:30:27Z,10,3
1720,Gracie Tate,2021-02-25T21:50:36Z,4,22
1721,Gracie Tate,2021-03-17T18:14:53Z,4,18
1722,Gracie Tate,2021-04-10T10:26:13Z,9,11
1723,Gracie Tate,2021-06-05T08:14:15Z,1,15
1724,Gracie Tate,2021-06-05T08:14:15Z,2,3
1725,Gracie Tate,2021-11-07T12:03:41Z,4,27
1726,Gracie Tate,2021-11-07T12:03:41Z,7,24
1727,Gracie Tate,2021-12-06T11:00:01Z,6,21
1728,Gracie Tate,2021-12-30T03:11:22Z,5,6
1729,Gracie Tate,2021-12-30T03:11:22Z,8,21
1730,Gracie Tate,2021-12-30T03:11:22Z,9,28
1731,Gracie Tate,2022-01-11T08:01:31Z,12,31
1732,Renee Oliver,2021-02-18T01:54:14Z,6,26
1733,Renee Oliver,2021-02-18T01:54:14Z,7,7
1734,Renee Oliver,2021-04-04T05:50:01Z,2,21
1735,Renee Oliver,2021-05-07T00:33:26Z,11,22
1736,Renee Oliver,2021-05-07T00:33:26Z,11,27
1737,Renee Oliver,2021-05-18T07:32:23Z,10,15
1738,Renee Oliver,2021-09-10T22:55:29Z,8,5
1739,Renee Oliver,2021-09-14T09:58:04Z,7,16
1740,Renee Oliver,2021-09-14T09:58:04Z,9,9
1741,Renee Oliver,2021-10-13T00:09:55Z,4,22
1742,Renee Oliver,2021-10-13T00:09:55Z,7,9
1743,Renee Oliver,2022-01-05T20:54:17Z,1,3
1744,Renee Oliver,2022-01-05T20:54:17Z,6,4
1745,Renee Oliver,2022-01-13T03:43:56Z,7,14
1746,Renee Oliver,2022-01-16T23:31Z,10,4
1747,Renee Oliver,2022-01-16T23:31Z,11,24
1748,Kristen Pratt,2021-02-14T01:44:55Z,11,23
1749,Kristen Pratt,2021-03-26T03:17:58Z,4,31
1750,Kristen Pratt,2021-05-30T12:22:32Z,8,6
1751,Kristen Pratt,2021-06-14T06:24:04Z,11,1
1752,Kristen Pratt,2021-06-14T06:24:04Z,11,30
1753,Kristen Pratt,2021-07-11T14:00:14Z,8,32
1754,Kristen Pratt,2021-07-11T14:00:14Z,9,16
1755,Kristen Pratt,2021-08-05T04:02:47Z,12,23
1756,Kristen Pratt,2021-08-14T02:12:36Z,3,23
1757,Kristen Pratt,2021-09-16T05:40:29Z,7,8
1758,Kristen Pratt,2021-09-16T05:40:29Z,8,3
1759,Kristen Pratt,2021-11-26T06:14:31Z,2,18
1760,Kristen Pratt,2021-12-05T21:53:18Z,7,29
1761,Kristen Pratt,2022-01-25T12:56:20Z,4,2
1762,Kristen Pratt,2022-01-25T12:56:20Z,5,22
1763,Kristen Pratt,2022-01-25T12:56:20Z,12,27
1764,Kelsie Newton,2021-02-13T17:00:26Z,3,1
1765,Kelsie Newton,2021-02-13T17:00:26Z,6,8
1766,Kelsie Newton,2021-02-13T17:00:26Z,12,1
1767,Kelsie Newton,2021-02-28T19:46:27Z,2,24
1768,Kelsie Newton,2021-02-28T19:46:27Z,3,14
1769,Kelsie Newton,2021-04-06T01:32:26Z,2,16
1770,Kelsie Newton,2021-05-28T21:02:22Z,1,20
1771,Kelsie Newton,2021-05-28T21:02:22Z,1,26
1772,Kelsie Newton,2021-05-28T21:02:22Z,3,10
1773,Kelsie Newton,2021-05-28T21:02:22Z,4,10
1774,Kelsie Newton,2021-05-28T21:02:22Z,10,12
1775,Kelsie Newton,2021-05-28T21:02:22Z,10,28
1776,Kelsie Newton,2021-06-06T19:12:11Z,3,24
1777,Kelsie Newton,2021-06-06T19:12:11Z,11,32
1778,Kelsie Newton,2021-06-26T19:58:42Z,5,2
1779,Kelsie Newton,2021-06-26T19:58:42Z,9,6
1780,Kelsie Newton,2021-07-16T12:00:44Z,2,18
1781,Kelsie Newton,2021-08-26T11:25Z,2,29
1782,Kelsie Newton,2021-08-31T18:09:59Z,9,26
1783,Kelsie Newton,2021-10-13T00:09:55Z,6,32
1784,Kelsie Newton,2021-10-13T00:09:55Z,9,11
1785,Kelsie Newton,2021-10-13T00:09:55Z,12,19
1786,Kelsie Newton,2021-11-24T01:47:37Z,1,15
1787,Kelsie Newton,2021-11-24T01:47:37Z,3,16
1788,Kelsie Newton,2021-11-24T01:47:37Z,5,30
1789,Kelsie Newton,2021-11-24T01:47:37Z,7,32
1790,Kelsie Newton,2021-11-29T08:32:37Z,6,21
1791,Kelsie Newton,2021-11-29T08:32:37Z,6,32
1792,Kelsie Newton,2022-01-23T04:07:12Z,12,30
1793,Athena Oneill,2021-02-15T17:05:06Z,7,21
1794,Athena Oneill,2021-02-15T17:05:06Z,9,22
1795,Athena Oneill,2021-02-26T15:19:34Z,2,13
1796,Athena Oneill,2021-02-26T15:19:34Z,2,21
1797,Athena Oneill,2021-04-16T15:02:25Z,3,27
1798,Athena Oneill,2021-05-14T11:45:19Z,2,32
1799,Athena Oneill,2021-05-17T00:56:41Z,3,28
1800,Athena Oneill,2021-06-04T06:00:48Z,10,29
1801,Athena Oneill,2021-06-17T04:19:55Z,2,23
1802,Athena Oneill,2021-06-17T04:19:55Z,9,25
1803,Athena Oneill,2021-07-18T12:05:24Z,4,31
1804,Athena Oneill,2021-08-29T22:27:34Z,9,2
1805,Athena Oneill,2021-08-29T22:27:34Z,9,5
1806,Athena Oneill,2021-08-29T22:27:34Z,11,13
1807,Athena Oneill,2021-12-11T00:16:03Z,5,11
1808,Athena Oneill,2021-12-11T00:16:03Z,8,5
1809,Athena Oneill,2021-12-19T09:19:08Z,6,29
1810,Athena Oneill,2021-12-19T09:19:08Z,12,27
1811,Athena Oneill,2021-12-23T00:43:58Z,9,23
1812,Athena Oneill,2022-01-09T07:56:52Z,5,26
1813,Athena Oneill,2022-01-09T07:56:52Z,6,21
1814,Athena Oneill,2022-01-09T07:56:52Z,8,17
1815,Iris Miles,2021-02-28T06:39:44Z,8,12
1816,Iris Miles,2021-03-29T05:36:04Z,6,14
1817,Iris Miles,2021-03-29T05:36:04Z,9,17
1818,Iris Miles,2021-06-30T11:23:31Z,1,4
1819,Iris Miles,2021-08-07T21:36:24Z,3,30
1820,Iris Miles,2021-08-07T21:36:24Z,6,6
1821,Iris Miles,2021-10-03T17:15:38Z,1,20
1822,Iris Miles,2021-10-05T04:13:33Z,10,13
1823,Iris Miles,2021-10-06T10:49:15Z,1,21
1824,Iris Miles,2021-10-25T13:44:34Z,3,29
1825,Iris Miles,2021-11-11T07:50:45Z,10,23
1826,Nadia Ho,2021-02-13T12:38:12Z,7,21
1827,Nadia Ho,2021-02-13T12:38:12Z,9,22
1828,Nadia Ho,2021-02-20T01:58:53Z,4,6
1829,Nadia Ho,2021-04-06T10:16:55Z,8,24
1830,Nadia Ho,2021-04-06T10:16:55Z,9,24
1831,Nadia Ho,2021-04-06T10:16:55Z,11,9
1832,Nadia Ho,2021-04-07T16:52:36Z,1,18
1833,Nadia Ho,2021-06-03T21:16:19Z,8,23
1834,Nadia Ho,2021-06-13T21:39:35Z,10,28
1835,Nadia Ho,2021-06-14T15:08:33Z,10,13
1836,Nadia Ho,2021-06-14T15:08:33Z,10,18
1837,Nadia Ho,2021-06-18T06:33:22Z,4,12
1838,Nadia Ho,2021-06-18T06:33:22Z,5,22
1839,Nadia Ho,2021-06-18T06:33:22Z,7,8
1840,Nadia Ho,2021-06-25T17:45:15Z,6,24
1841,Nadia Ho,2021-07-24T03:34:52Z,9,28
1842,Nadia Ho,2021-09-16T14:24:58Z,3,23
1843,Nadia Ho,2021-09-16T14:24:58Z,10,10
1844,Nadia Ho,2021-10-01T04:04:15Z,5,28
1845,Nadia Ho,2021-10-02T15:02:11Z,11,14
1846,Nadia Ho,2021-10-02T15:02:11Z,12,14
1847,Nadia Ho,2021-10-03T17:15:38Z,6,15
1848,Nadia Ho,2021-10-03T17:15:38Z,10,28
1849,Nadia Ho,2021-10-26T15:58Z,1,31
1850,Nadia Ho,2021-10-26T15:58Z,7,9
1851,Nadia Ho,2021-11-14T05:46:36Z,11,3
1852,Nadia Ho,2021-11-14T05:46:36Z,12,24
1853,Nadia Ho,2022-01-04T23:03:05Z,11,1
1854,Nadia Ho,2022-01-12T01:30:29Z,3,1
1855,Nadia Ho,2022-01-12T01:30:29Z,5,9
1856,Nadia Ho,2022-01-12T01:30:29Z,12,24
1857,Nadia Ho,2022-01-14T10:19:37Z,11,19
1858,Nadia Ho,2022-01-14T10:19:37Z,11,20
1859,Shannon Aguilar,2021-02-07T03:39:46Z,3,6
1860,Shannon Aguilar,2021-02-07T03:39:46Z,5,23
1861,Shannon Aguilar,2021-02-16T01:49:34Z,5,14
1862,Shannon Aguilar,2021-02-16T01:49:34Z,6,28
1863,Shannon Aguilar,2021-02-28T15:24:13Z,3,27
1864,Shannon Aguilar,2021-02-28T15:24:13Z,5,4
1865,Shannon Aguilar,2021-03-14T11:34:32Z,3,29
1866,Shannon Aguilar,2021-03-17T05:08:09Z,1,13
1867,Shannon Aguilar,2021-03-17T05:08:09Z,11,1
1868,Shannon Aguilar,2021-04-30T19:57:14Z,8,31
1869,Shannon Aguilar,2021-07-01T22:21:27Z,3,7
1870,Shannon Aguilar,2021-07-01T22:21:27Z,11,10
1871,Shannon Aguilar,2021-08-04T14:56:03Z,5,25
1872,Shannon Aguilar,2021-11-23T03:56:25Z,6,6
1873,Shannon Aguilar,2021-11-23T03:56:25Z,9,24
1874,Shannon Aguilar,2021-11-23T03:56:25Z,12,1
1875,Shannon Aguilar,2021-12-15T09:09:50Z,3,7
1876,Shannon Aguilar,2022-01-12T18:59:27Z,8,19
1877,Shannon Aguilar,2022-01-12T18:59:27Z,10,2
1878,Theo Velasquez,2021-04-26T02:18:58Z,9,15
1879,Theo Velasquez,2021-05-17T14:03:25Z,2,29
1880,Theo Velasquez,2021-05-17T14:03:25Z,9,7
1881,Theo Velasquez,2021-05-23T09:55:08Z,4,17
1882,Theo Velasquez,2021-05-23T09:55:08Z,6,23
1883,Theo Velasquez,2021-05-27T18:48:55Z,9,2
1884,Theo Velasquez,2021-07-08T20:26:37Z,5,8
1885,Theo Velasquez,2021-07-08T20:26:37Z,5,28
1886,Theo Velasquez,2021-07-22T07:52:27Z,2,30
1887,Theo Velasquez,2021-07-22T07:52:27Z,8,13
1888,Theo Velasquez,2021-08-14T02:12:36Z,4,28
1889,Theo Velasquez,2021-08-14T02:12:36Z,5,17
1890,Theo Velasquez,2021-09-03T16:05:51Z,3,9
1891,Theo Velasquez,2021-09-03T16:05:51Z,4,1
1892,Theo Velasquez,2021-09-08T22:50:50Z,2,1
1893,Theo Velasquez,2021-09-11T12:02:13Z,11,18
1894,Theo Velasquez,2021-09-27T21:23:55Z,2,24
1895,Theo Velasquez,2021-09-27T21:23:55Z,5,6
1896,Theo Velasquez,2022-01-16T01:39:47Z,12,10
1897,Shakira Davidson,2021-03-16T11:39:11Z,3,16
1898,Shakira Davidson,2021-04-18T10:44:50Z,1,22
1899,Shakira Davidson,2021-04-18T10:44:50Z,12,23
1900,Shakira Davidson,2021-04-22T19:38:37Z,6,28
1901,Shakira Davidson,2021-04-22T19:38:37Z,7,25
1902,Shakira Davidson,2021-05-16T11:49:58Z,4,6
1903,Shakira Davidson,2021-05-16T11:49:58Z,11,28
1904,Shakira Davidson,2021-06-02T14:40:38Z,10,21
1905,Shakira Davidson,2021-06-28T20:03:21Z,2,29
1906,Shakira Davidson,2021-06-28T20:03:21Z,6,7
1907,Shakira Davidson,2021-07-19T09:56:36Z,7,11
1908,Shakira Davidson,2021-07-19T09:56:36Z,9,3
1909,Shakira Davidson,2021-08-14T19:41:34Z,5,8
1910,Shakira Davidson,2021-09-10T09:48:46Z,6,9
1911,Shakira Davidson,2021-10-06T06:27Z,11,27
1912,Shakira Davidson,2021-12-05T17:31:03Z,9,19
1913,Shakira Davidson,2021-12-15T00:25:21Z,11,11
1914,Shakira Davidson,2022-01-16T14:46:31Z,11,29
1915,Shakira Davidson,2022-01-26T10:47:32Z,12,12
1916,Carly Horne,2021-03-06T20:00:25Z,8,11
1917,Carly Horne,2021-04-30T02:28:16Z,6,29
1918,Carly Horne,2021-04-30T02:28:16Z,11,9
1919,Carly Horne,2021-05-03T09:08:36Z,10,6
1920,Carly Horne,2021-06-14T15:08:33Z,4,27
1921,Carly Horne,2021-07-10T07:24:32Z,1,15
1922,Carly Horne,2021-07-10T07:24:32Z,12,10
1923,Carly Horne,2021-07-26T08:01:46Z,2,10
1924,Carly Horne,2021-07-26T08:01:46Z,4,17
1925,Carly Horne,2021-07-26T08:01:46Z,8,30
1926,Carly Horne,2021-07-31T06:02:16Z,7,30
1927,Carly Horne,2021-08-05T08:25:01Z,5,11
1928,Carly Horne,2021-08-20T06:48:48Z,1,8
1929,Carly Horne,2021-08-20T06:48:48Z,2,18
1930,Carly Horne,2021-08-25T22:18:16Z,8,23
1931,Carly Horne,2021-09-05T03:03:46Z,5,15
1932,Doris Bates,2021-02-08T05:53:12Z,3,14
1933,Doris Bates,2021-04-21T21:47:25Z,12,27
1934,Doris Bates,2021-04-22T19:38:37Z,11,4
1935,Doris Bates,2021-07-28T21:13:08Z,10,11
1936,Doris Bates,2021-07-28T21:13:08Z,11,22
1937,Doris Bates,2021-09-25T16:57:01Z,4,7
1938,Doris Bates,2021-09-26T06:03:44Z,1,6
1939,Doris Bates,2021-11-06T01:05:45Z,4,21
1940,Doris Bates,2021-11-27T21:34:41Z,1,8
1941,Doris Bates,2022-01-10T05:48:04Z,5,17
1942,Doris Bates,2022-01-26T06:25:18Z,9,10
1943,Georgia Blake,2021-06-07T08:18:54Z,3,18
1944,Georgia Blake,2021-07-07T09:28:41Z,2,23
1945,Georgia Blake,2021-07-07T09:28:41Z,6,30
1946,Georgia Blake,2021-09-13T20:51:21Z,12,6
1947,Georgia Blake,2021-10-04T02:00:07Z,3,16
1948,Georgia Blake,2021-10-04T02:00:07Z,9,29
1949,Georgia Blake,2021-10-13T08:54:24Z,1,23
1950,Georgia Blake,2021-10-13T08:54:24Z,11,32
1951,Georgia Blake,2021-10-27T13:49:13Z,1,31
1952,Georgia Blake,2021-10-27T13:49:13Z,4,23
1953,Georgia Blake,2021-10-29T22:38:21Z,2,11
1954,Georgia Blake,2021-11-06T09:50:14Z,12,16
1955,Georgia Blake,2021-11-18T01:33:40Z,7,24
1956,Georgia Blake,2021-12-13T04:42:56Z,3,12
1957,Georgia Blake,2021-12-13T04:42:56Z,4,17
1958,Georgia Blake,2021-12-13T04:42:56Z,4,23
1959,Georgia Blake,2021-12-13T04:42:56Z,7,32
1960,Chelsea Kaufman,2021-02-18T06:16:28Z,10,3
1961,Chelsea Kaufman,2021-02-24T02:08:11Z,3,17
1962,Chelsea Kaufman,2021-02-24T02:08:11Z,11,9
1963,Chelsea Kaufman,2021-02-24T15:14:54Z,8,22
1964,Chelsea Kaufman,2021-03-15T13:47:59Z,9,21
1965,Chelsea Kaufman,2021-03-15T13:47:59Z,11,20
1966,Chelsea Kaufman,2021-04-27T22:01:22Z,6,18
1967,Chelsea Kaufman,2021-04-27T22:01:22Z,7,18
1968,Chelsea Kaufman,2021-04-27T22:01:22Z,9,21
1969,Chelsea Kaufman,2021-05-03T17:53:05Z,6,7
1970,Chelsea Kaufman,2021-06-12T10:41:39Z,7,13
1971,Chelsea Kaufman,2021-07-16T12:00:44Z,10,14
1972,Chelsea Kaufman,2021-07-28T16:50:54Z,6,29
1973,Chelsea Kaufman,2021-08-08T06:20:53Z,2,4
1974,Chelsea Kaufman,2021-08-08T06:20:53Z,7,18
1975,Chelsea Kaufman,2021-08-25T13:33:47Z,4,14
1976,Chelsea Kaufman,2021-08-25T13:33:47Z,12,6
1977,Chelsea Kaufman,2021-08-26T02:40:31Z,5,28
1978,Chelsea Kaufman,2021-09-20T01:27:33Z,1,8
1979,Chelsea Kaufman,2021-11-28T15:03:39Z,6,13
1980,Chelsea Kaufman,2021-11-28T15:03:39Z,7,32
1981,Chelsea Kaufman,2021-11-28T15:03:39Z,8,27
1982,Chelsea Kaufman,2021-12-06T19:44:30Z,12,17
1983,Chelsea Kaufman,2021-12-08T02:20:11Z,11,22
1984,Max Dickson,2021-04-12T10:30:52Z,2,4
1985,Max Dickson,2021-04-12T10:30:52Z,9,22
1986,Max Dickson,2021-04-19T04:13:48Z,5,24
1987,Max Dickson,2021-04-19T04:13:48Z,6,27
1988,Max Dickson,2021-04-19T04:13:48Z,9,1
1989,Max Dickson,2021-06-22T11:04:55Z,8,29
1990,Max Dickson,2021-06-22T11:04:55Z,9,23
1991,Max Dickson,2021-07-23T10:05:54Z,1,30
1992,Max Dickson,2021-07-23T10:05:54Z,8,7
1993,Max Dickson,2021-07-23T10:05:54Z,11,26
1994,Max Dickson,2021-07-30T08:11:04Z,6,15
1995,Max Dickson,2021-09-14T05:35:50Z,1,21
1996,Max Dickson,2021-09-14T09:58:04Z,2,32
1997,Max Dickson,2021-09-14T09:58:04Z,3,31
1998,Max Dickson,2021-10-13T00:09:55Z,8,1
1999,Max Dickson,2021-10-24T02:46:38Z,7,16
